accession,light_treatment,leaf_type,light_intensity,n_plant,trait,estimate,lowerCI,upperCI
LA0107,shade,amphi,high,8,fgmax,0.13726798279353966,0.11783532543621894,0.15878425941560456
LA0107,shade,amphi,low,8,fgmax,0.0770885945473222,0.06326299135870529,0.09410406308019051
LA0107,shade,pseudohypo,high,8,fgmax,0.08809279133095041,0.07834392691006821,0.09994362800488758
LA0107,shade,pseudohypo,low,8,fgmax,0.04864847226074652,0.040550412980362986,0.05835066816965062
LA0107,sun,amphi,high,9,fgmax,0.1348709021421583,0.11622434442375185,0.15606174468385223
LA0107,sun,amphi,low,9,fgmax,0.05594569765094503,0.04632285684247783,0.06796730636649531
LA0107,sun,pseudohypo,high,9,fgmax,0.06874102509704869,0.06066992073639135,0.07796934783518664
LA0107,sun,pseudohypo,low,9,fgmax,0.02956321665482914,0.024830507057665274,0.035350508108274926
LA0407,shade,amphi,high,10,fgmax,0.09585590928581318,0.08400790133925193,0.10998739397325134
LA0407,shade,amphi,low,10,fgmax,0.05198179540818816,0.04260877864319979,0.06160537637107585
LA0407,shade,pseudohypo,high,10,fgmax,0.06084656021925946,0.054085541469273156,0.06839945480996122
LA0407,shade,pseudohypo,low,10,fgmax,0.03436203337728245,0.028502898418037617,0.04111108373235711
LA0407,sun,amphi,high,8,fgmax,0.09426311152555708,0.08289853740288748,0.10817468950316733
LA0407,sun,amphi,low,8,fgmax,0.03782154046840605,0.030936907263387485,0.045378190900210794
LA0407,sun,pseudohypo,high,8,fgmax,0.04759246921643522,0.0422700715590889,0.05331421608930009
LA0407,sun,pseudohypo,low,8,fgmax,0.021125062852015257,0.01724083878513544,0.02488318597877657
LA0429,shade,amphi,high,11,fgmax,0.1261147136403144,0.11433606641450172,0.13740860565812446
LA0429,shade,amphi,low,11,fgmax,0.07149644001655421,0.06376259453327447,0.08008264914828937
LA0429,shade,pseudohypo,high,11,fgmax,0.07595580777223909,0.07063041471665561,0.08189967499057786
LA0429,shade,pseudohypo,low,11,fgmax,0.043903253062277096,0.03942212283431021,0.04911833489427557
LA0429,sun,amphi,high,10,fgmax,0.12388407614980694,0.11277810490626398,0.1349526001091439
LA0429,sun,amphi,low,10,fgmax,0.05174716639437788,0.04614394517263866,0.05909789847505676
LA0429,sun,pseudohypo,high,10,fgmax,0.05946162265058905,0.054997113689468705,0.06420126779150317
LA0429,sun,pseudohypo,low,10,fgmax,0.026872313616131942,0.023875900310165926,0.029976029039286572
LA0436,shade,amphi,high,8,fgmax,0.12324141865506749,0.11239035211302249,0.13415972751691407
LA0436,shade,amphi,low,8,fgmax,0.07174835305809482,0.06408412744382816,0.08033220166230831
LA0436,shade,pseudohypo,high,8,fgmax,0.07505492688670827,0.06941986557166681,0.08086748629009231
LA0436,shade,pseudohypo,low,8,fgmax,0.04416187803284049,0.03973188482222547,0.04920392479054282
LA0436,sun,amphi,high,10,fgmax,0.12095589679201073,0.11055337983918302,0.13162185467057444
LA0436,sun,amphi,low,8,fgmax,0.052224818416053954,0.04647067661441087,0.05860407986224932
LA0436,sun,pseudohypo,high,10,fgmax,0.05874140423535059,0.05420768803128543,0.06328522040544075
LA0436,sun,pseudohypo,low,8,fgmax,0.026948670363652494,0.024105474796631807,0.030026927254490327
LA0444,shade,amphi,high,9,fgmax,0.1359530464566102,0.11759955947329609,0.1569100857373986
LA0444,shade,amphi,low,10,fgmax,0.06570771419074317,0.054491790646406114,0.08015714869102193
LA0444,shade,pseudohypo,high,9,fgmax,0.08559665612994212,0.07551043091163981,0.09645901197891095
LA0444,shade,pseudohypo,low,10,fgmax,0.043926176191474084,0.0366832861962992,0.05215575368974664
LA0444,sun,amphi,high,10,fgmax,0.13391595514019672,0.11547077971592899,0.1541534410980239
LA0444,sun,amphi,low,9,fgmax,0.04780014844240043,0.039649492082838994,0.05746932445345857
LA0444,sun,pseudohypo,high,10,fgmax,0.06670547146269157,0.05891597831036376,0.07557965082580141
LA0444,sun,pseudohypo,low,9,fgmax,0.026827251529218308,0.02246640911548818,0.0316938090731148
LA0716,shade,amphi,high,9,fgmax,0.1594143032252756,0.14090632050397872,0.18121292570583306
LA0716,shade,amphi,low,10,fgmax,0.07871692181205109,0.06697692914564236,0.09289588631765296
LA0716,shade,pseudohypo,high,9,fgmax,0.06723046237599511,0.05989383869505509,0.0750732700639095
LA0716,shade,pseudohypo,low,10,fgmax,0.03670125347032851,0.031126811207023666,0.04313850410420739
LA0716,sun,amphi,high,10,fgmax,0.15657742107071915,0.13787556941919993,0.1779128565317398
LA0716,sun,amphi,low,9,fgmax,0.057418852144860234,0.048487437752565754,0.0678808549279254
LA0716,sun,pseudohypo,high,10,fgmax,0.05258651031600727,0.04691352115648628,0.05886439724914835
LA0716,sun,pseudohypo,low,9,fgmax,0.022359404912064507,0.0190906843266175,0.026362507768429983
LA0750,shade,amphi,high,9,fgmax,0.1659388461810423,0.1456540612995669,0.1889462276861723
LA0750,shade,amphi,low,10,fgmax,0.07884162291426369,0.06718621155163043,0.0935666593481078
LA0750,shade,pseudohypo,high,9,fgmax,0.06956627177727147,0.06214541828602051,0.0774318694989544
LA0750,shade,pseudohypo,low,10,fgmax,0.0391073086485793,0.03316009620443038,0.0454496904414973
LA0750,sun,amphi,high,11,fgmax,0.16316864366792844,0.14321461169353247,0.1853310330180134
LA0750,sun,amphi,low,9,fgmax,0.05733187274724761,0.04814375531328889,0.06795450274619162
LA0750,sun,pseudohypo,high,11,fgmax,0.05433063340558053,0.048541199058805544,0.06036231127889918
LA0750,sun,pseudohypo,low,9,fgmax,0.02393444545970406,0.020184820206490678,0.02794117948833916
LA1028,shade,amphi,high,10,fgmax,0.16719123783463274,0.14748896671975945,0.18930515040568047
LA1028,shade,amphi,low,10,fgmax,0.070912060331769,0.06022066534004269,0.08436601472654241
LA1028,shade,pseudohypo,high,10,fgmax,0.08658627376805986,0.07752436873166092,0.09612894665210726
LA1028,shade,pseudohypo,low,10,fgmax,0.04034857608436528,0.03458593503297178,0.04726892547893937
LA1028,sun,amphi,high,7,fgmax,0.16453901370763827,0.14493270522959906,0.18710848678037578
LA1028,sun,amphi,low,7,fgmax,0.051590925983062676,0.04363774849667606,0.0611892619311417
LA1028,sun,pseudohypo,high,7,fgmax,0.06778121126336485,0.06098162318248807,0.0753635502113839
LA1028,sun,pseudohypo,low,7,fgmax,0.024621941566073145,0.0209595446809996,0.02862472951528683
LA1044,shade,amphi,high,10,fgmax,0.1311283423881224,0.11987492774878611,0.14367334567642784
LA1044,shade,amphi,low,10,fgmax,0.07404713234104768,0.06632032464416462,0.08395010628316717
LA1044,shade,pseudohypo,high,10,fgmax,0.07866385997854147,0.07323616498125038,0.08552919002955614
LA1044,shade,pseudohypo,low,10,fgmax,0.04624006957358935,0.04169598493897815,0.05202318062404552
LA1044,sun,amphi,high,11,fgmax,0.1291026036865939,0.11918292312477152,0.14117300476428168
LA1044,sun,amphi,low,11,fgmax,0.05382015851000278,0.048130686734189174,0.06076140051922811
LA1044,sun,pseudohypo,high,11,fgmax,0.06166867978146029,0.05696619450204178,0.06661862722354409
LA1044,sun,pseudohypo,low,11,fgmax,0.02836603968717412,0.0252309811123301,0.031676608490210076
LA1269,shade,amphi,high,10,fgmax,0.14675197384097374,0.1329467200766253,0.16564932940646424
LA1269,shade,amphi,low,9,fgmax,0.07439002776078259,0.06561577169821492,0.08594875049404932
LA1269,shade,pseudohypo,high,10,fgmax,0.07933051454939404,0.07165750055033844,0.08695169338355085
LA1269,shade,pseudohypo,low,9,fgmax,0.042552762200042574,0.03684773564985175,0.04803478898849358
LA1269,sun,amphi,high,9,fgmax,0.14461446061564395,0.12986896227273417,0.16191704302502166
LA1269,sun,amphi,low,6,fgmax,0.05415988696159681,0.04716975434805169,0.06266879534035806
LA1269,sun,pseudohypo,high,9,fgmax,0.061917760654199315,0.05660690781322357,0.06781594520645957
LA1269,sun,pseudohypo,low,6,fgmax,0.025908196348705302,0.022521007448217577,0.029423795934091574
LA1316,shade,amphi,high,9,fgmax,0.15617889827074735,0.13861224810012113,0.17415831441032295
LA1316,shade,amphi,low,10,fgmax,0.06956781686132574,0.06017842048410647,0.08005653463128261
LA1316,shade,pseudohypo,high,9,fgmax,0.08591232409729287,0.07806851357305634,0.09450100520018669
LA1316,shade,pseudohypo,low,10,fgmax,0.041409862578023246,0.03603326047419019,0.04751622610802993
LA1316,sun,amphi,high,10,fgmax,0.15315762088817345,0.13700294825172252,0.17097844833516654
LA1316,sun,amphi,low,9,fgmax,0.05039066075780166,0.043597904051323744,0.05866467887491964
LA1316,sun,pseudohypo,high,10,fgmax,0.0671271819438644,0.06099589351506767,0.07374225899874955
LA1316,sun,pseudohypo,low,9,fgmax,0.02533824904341595,0.022102934223002847,0.029103297815284097
LA1322,shade,amphi,high,10,fgmax,0.15106161183342712,0.1348111519266006,0.16892070270298493
LA1322,shade,amphi,low,8,fgmax,0.06554515595352535,0.056489300581584044,0.07547479504710329
LA1322,shade,pseudohypo,high,10,fgmax,0.08639690846218334,0.07870644327210109,0.0955200521546836
LA1322,shade,pseudohypo,low,8,fgmax,0.03500024498310269,0.030357996760117578,0.04083101108175227
LA1322,sun,amphi,high,10,fgmax,0.14837129498189489,0.13249693500448934,0.16613047702366718
LA1322,sun,amphi,low,9,fgmax,0.047596423077452155,0.04106522890885608,0.05516835384542683
LA1322,sun,pseudohypo,high,10,fgmax,0.06758823594902046,0.06174541300209988,0.07472944134302258
LA1322,sun,pseudohypo,low,9,fgmax,0.021353693107343877,0.01845310809038417,0.024776385079295672
LA1358,shade,amphi,high,8,fgmax,0.10562620342467491,0.09182978042157387,0.12152717512260064
LA1358,shade,amphi,low,9,fgmax,0.06524883286928994,0.05428917024149774,0.07847171355576031
LA1358,shade,pseudohypo,high,8,fgmax,0.0771966428342466,0.0674949167734076,0.08620783285959491
LA1358,shade,pseudohypo,low,9,fgmax,0.04739061723756922,0.040025813600420866,0.056453606326429526
LA1358,sun,amphi,high,10,fgmax,0.10393652237148603,0.09070421644269538,0.11900561408482646
LA1358,sun,amphi,low,8,fgmax,0.047516917189047964,0.039159341425182306,0.05714860455070061
LA1358,sun,pseudohypo,high,10,fgmax,0.060051149695647156,0.05343279903124428,0.06785711205019762
LA1358,sun,pseudohypo,low,8,fgmax,0.028827125974809985,0.024348499634619294,0.03406397177563775
LA1360,shade,amphi,high,10,fgmax,0.14279183544015844,0.12599250706966555,0.16374561710434138
LA1360,shade,amphi,low,10,fgmax,0.0804774759156215,0.06715411005582275,0.09619116436945342
LA1360,shade,pseudohypo,high,10,fgmax,0.09139984768404072,0.082248061541408,0.10305183388851905
LA1360,shade,pseudohypo,low,10,fgmax,0.050969049904108756,0.043028944890727526,0.06078656723830161
LA1360,sun,amphi,high,10,fgmax,0.14028841576328088,0.12362734423894473,0.16035246745319107
LA1360,sun,amphi,low,9,fgmax,0.058523130776768253,0.04888152365581352,0.0702804513159416
LA1360,sun,pseudohypo,high,10,fgmax,0.07159914080626763,0.0645651073189683,0.08032890392843887
LA1360,sun,pseudohypo,low,9,fgmax,0.03099770978900872,0.02640546658768727,0.03716304201373509
LA1364,shade,amphi,high,10,fgmax,0.13516241271350238,0.11771606777232536,0.15564861343621045
LA1364,shade,amphi,low,10,fgmax,0.07251538755527215,0.06032420214447609,0.08745111859475417
LA1364,shade,pseudohypo,high,10,fgmax,0.07965426617828973,0.07084961453067355,0.08975871650605066
LA1364,shade,pseudohypo,low,10,fgmax,0.038872828949517026,0.03265508567466895,0.04620269930666581
LA1364,sun,amphi,high,8,fgmax,0.13268769846995276,0.11647863922263316,0.15398846975381647
LA1364,sun,amphi,low,6,fgmax,0.05279440883782585,0.04372329605147693,0.06365490580458012
LA1364,sun,pseudohypo,high,8,fgmax,0.062319401943981854,0.05527617249681546,0.07033325552179369
LA1364,sun,pseudohypo,low,7,fgmax,0.023779785451137594,0.019760648784059923,0.028463561474431708
LA1589,shade,amphi,high,10,fgmax,0.13496750907887964,0.12159394963245547,0.1492218148155389
LA1589,shade,amphi,low,10,fgmax,0.07254783003670061,0.06358077603039286,0.08276927924899974
LA1589,shade,pseudohypo,high,10,fgmax,0.07987764948047309,0.07295651217337362,0.08861425719452486
LA1589,shade,pseudohypo,low,10,fgmax,0.044266287396268415,0.0389449426188775,0.05093216306267255
LA1589,sun,amphi,high,9,fgmax,0.13263351513627092,0.11974072980374566,0.146890199644036
LA1589,sun,amphi,low,6,fgmax,0.052709405546034906,0.046154152026899445,0.06042079592839203
LA1589,sun,pseudohypo,high,9,fgmax,0.06258025925329389,0.057080827282046456,0.06886513766215693
LA1589,sun,pseudohypo,low,6,fgmax,0.027026674803490417,0.023659645195689007,0.031134641207238002
LA1777,shade,amphi,high,10,fgmax,0.07500558886666285,0.0645739115007017,0.08699415517333928
LA1777,shade,amphi,low,9,fgmax,0.04289372496323981,0.03456513897179675,0.052982256553047356
LA1777,shade,pseudohypo,high,10,fgmax,0.05362012070810312,0.04747985192153793,0.05994345861342092
LA1777,shade,pseudohypo,low,9,fgmax,0.032009714632133736,0.026299593649687612,0.03865789078502531
LA1777,sun,amphi,high,10,fgmax,0.07371641145896982,0.06349587710955176,0.0853270560107971
LA1777,sun,amphi,low,9,fgmax,0.031104572340766322,0.025090622756678057,0.0384939478402498
LA1777,sun,pseudohypo,high,10,fgmax,0.04174741649329765,0.037062639530353055,0.047424432404922306
LA1777,sun,pseudohypo,low,7,fgmax,0.019467883523517207,0.016042308763945426,0.023784252225575734
LA1782,shade,amphi,high,10,fgmax,0.11384528232137896,0.09889217196472307,0.13040020196231822
LA1782,shade,amphi,low,10,fgmax,0.06912706891730079,0.05819839613164416,0.08526677525430514
LA1782,shade,pseudohypo,high,10,fgmax,0.08877535509209769,0.07861027011829655,0.09989450530921992
LA1782,shade,pseudohypo,low,10,fgmax,0.053981006541639336,0.04477686028476475,0.06444034885805584
LA1782,sun,amphi,high,10,fgmax,0.1113678654002567,0.09702676673239216,0.12736976085419327
LA1782,sun,amphi,low,8,fgmax,0.050378834878118464,0.041801473390336456,0.0617649588332311
LA1782,sun,pseudohypo,high,10,fgmax,0.06926963231218772,0.06152356187024191,0.07830617260373911
LA1782,sun,pseudohypo,low,8,fgmax,0.03287854762200214,0.027346849756523673,0.03954044866053986
LA2133,shade,amphi,high,10,fgmax,0.14641939239686297,0.13060092760805292,0.1647606043678515
LA2133,shade,amphi,low,9,fgmax,0.06359803979146178,0.054785852166746155,0.07397428951761592
LA2133,shade,pseudohypo,high,10,fgmax,0.0872789722366863,0.07914026144138915,0.09596947994502719
LA2133,shade,pseudohypo,low,9,fgmax,0.033621375792225267,0.02884115969602167,0.03871577551348586
LA2133,sun,amphi,high,11,fgmax,0.14411752582704934,0.128509425608244,0.1622130049145716
LA2133,sun,amphi,low,8,fgmax,0.04620281463105736,0.03997993588851852,0.05429965355853919
LA2133,sun,pseudohypo,high,11,fgmax,0.06801427441282737,0.06197015458486104,0.07494104793955467
LA2133,sun,pseudohypo,low,8,fgmax,0.020442142503217006,0.01753882387786172,0.023627461820236957
LA2172,shade,amphi,high,10,fgmax,0.1397975198557033,0.12493323685809894,0.1571554741702113
LA2172,shade,amphi,low,10,fgmax,0.06001773212532163,0.051107814286798836,0.06976362778045317
LA2172,shade,pseudohypo,high,10,fgmax,0.08380019903731194,0.07616729621845279,0.09197863655564607
LA2172,shade,pseudohypo,low,10,fgmax,0.03199486301020414,0.027023465725038182,0.03695619369332058
LA2172,sun,amphi,high,10,fgmax,0.13765143620540557,0.12256498020236599,0.15488842173663278
LA2172,sun,amphi,low,10,fgmax,0.04342409163905265,0.03712837250869894,0.05065129773736637
LA2172,sun,pseudohypo,high,10,fgmax,0.06574164638662086,0.05931619145570781,0.07180100004655178
LA2172,sun,pseudohypo,low,10,fgmax,0.01956000790958571,0.01655802599219794,0.0225676981501088
LA2744,shade,amphi,high,9,fgmax,0.14331799590529654,0.12475669281125353,0.1653094760371004
LA2744,shade,amphi,low,10,fgmax,0.07511979703220376,0.06315317779967604,0.08944170627436651
LA2744,shade,pseudohypo,high,9,fgmax,0.08770903936313874,0.0771114188861939,0.09883106708256506
LA2744,shade,pseudohypo,low,10,fgmax,0.046582583294834626,0.03951640212871332,0.05612925131375495
LA2744,sun,amphi,high,9,fgmax,0.14044619310966439,0.12166946217875906,0.1639075779412759
LA2744,sun,amphi,low,10,fgmax,0.054783634945997604,0.045808174007807595,0.06540170830425238
LA2744,sun,pseudohypo,high,9,fgmax,0.06871413306097565,0.060366451385082266,0.07685692924266943
LA2744,sun,pseudohypo,low,10,fgmax,0.02846951717260089,0.02418449385453481,0.03411806285304981
LA2933,shade,amphi,high,10,fgmax,0.13495595696186796,0.1203465092691553,0.1510636382252449
LA2933,shade,amphi,low,9,fgmax,0.06870338732009315,0.05963649443911531,0.07821066117985928
LA2933,shade,pseudohypo,high,10,fgmax,0.07338226674724578,0.06654485346431938,0.07991732997269392
LA2933,shade,pseudohypo,low,9,fgmax,0.039399319279403544,0.03391071272259996,0.04503577299396839
LA2933,sun,amphi,high,10,fgmax,0.1326134202539441,0.11841454179551711,0.1478688886844911
LA2933,sun,amphi,low,10,fgmax,0.049851548119491704,0.04354552874129366,0.05704228872892094
LA2933,sun,pseudohypo,high,10,fgmax,0.05735760255644637,0.05204753032883373,0.0625450122472774
LA2933,sun,pseudohypo,low,10,fgmax,0.024101346106593247,0.020948205984056157,0.027567195883397715
LA2951,shade,amphi,high,6,fgmax,0.17883625658110783,0.15800515308894775,0.20371482445030328
LA2951,shade,amphi,low,9,fgmax,0.10545500024724548,0.08880788003262118,0.12492563490192804
LA2951,shade,pseudohypo,high,6,fgmax,0.10802941044443859,0.09655941458194527,0.12056797388072543
LA2951,shade,pseudohypo,low,9,fgmax,0.06689859824881374,0.05758570994169751,0.0784390390887448
LA2951,sun,amphi,high,10,fgmax,0.17606330986216898,0.15504934443226043,0.20039239008373522
LA2951,sun,amphi,low,9,fgmax,0.07649905049934051,0.06450882960168688,0.0903550272539643
LA2951,sun,pseudohypo,high,10,fgmax,0.08447777305411555,0.07566037170164008,0.09367860995768283
LA2951,sun,pseudohypo,low,9,fgmax,0.040749445449055434,0.035019002281260335,0.047724253747683236
LA2964,shade,amphi,high,10,fgmax,0.13471587015274125,0.11770434500876076,0.1545111148508114
LA2964,shade,amphi,low,10,fgmax,0.0688985013353671,0.05651182662148627,0.08308588588432442
LA2964,shade,pseudohypo,high,10,fgmax,0.09626615844080788,0.08600617871380789,0.10869761214321348
LA2964,shade,pseudohypo,low,10,fgmax,0.046161505361336376,0.03896139135297963,0.05391502011828361
LA2964,sun,amphi,high,10,fgmax,0.13263893272915483,0.11510306324935159,0.1524249618462374
LA2964,sun,amphi,low,10,fgmax,0.04979843157128518,0.04110690858555016,0.06083674069327371
LA2964,sun,pseudohypo,high,10,fgmax,0.0751999957155811,0.06728798698461805,0.0845407736792541
LA2964,sun,pseudohypo,low,10,fgmax,0.028205497450054223,0.023630384804292505,0.03283911657968988
LA3124,shade,amphi,high,10,fgmax,0.12480491697310078,0.11253324561683518,0.13827667847529507
LA3124,shade,amphi,low,10,fgmax,0.06738614191662763,0.0592037299005533,0.07620699949639904
LA3124,shade,pseudohypo,high,10,fgmax,0.07522529047934279,0.06875245008296912,0.08207226978725304
LA3124,shade,pseudohypo,low,10,fgmax,0.042515748234207486,0.03771918335695487,0.04832456562726485
LA3124,sun,amphi,high,8,fgmax,0.12292714194795852,0.11059474012665313,0.13553114969966087
LA3124,sun,amphi,low,8,fgmax,0.04910860597993608,0.042949930981633376,0.055515683764473855
LA3124,sun,pseudohypo,high,8,fgmax,0.05880541979152504,0.053545983436810635,0.064049697293331
LA3124,sun,pseudohypo,low,8,fgmax,0.026080114280820087,0.02281245456072592,0.02937936959382802
LA3778,shade,amphi,high,9,fgmax,0.14646754366771375,0.12792834286348992,0.16862827084312695
LA3778,shade,amphi,low,10,fgmax,0.07718724660619111,0.06530585833881622,0.09385474535424532
LA3778,shade,pseudohypo,high,9,fgmax,0.0669189354025145,0.05910929234793769,0.07549381371378386
LA3778,shade,pseudohypo,low,10,fgmax,0.041179067443440534,0.03491277181968791,0.04914089833110166
LA3778,sun,amphi,high,9,fgmax,0.1446019913592324,0.12612335588032478,0.16647545570853145
LA3778,sun,amphi,low,8,fgmax,0.056250990171705345,0.04720212800052637,0.06792983987416122
LA3778,sun,pseudohypo,high,9,fgmax,0.05245780142351925,0.046460441773508866,0.058933368366069494
LA3778,sun,pseudohypo,low,8,fgmax,0.025135622999748794,0.021253096544215738,0.030111595239600282
LA4116,shade,amphi,high,8,fgmax,0.18657864589110829,0.16176520326311905,0.21751254162981706
LA4116,shade,amphi,low,8,fgmax,0.11250350244250633,0.09007194825196722,0.13930467222770862
LA4116,shade,pseudohypo,high,7,fgmax,0.09845677446897909,0.08603968866203626,0.1127275741244908
LA4116,shade,pseudohypo,low,8,fgmax,0.06697256641057363,0.05484048735362071,0.0807768229727071
LA4116,sun,amphi,high,9,fgmax,0.18393310780675298,0.1589312633274184,0.2144229508005965
LA4116,sun,amphi,low,7,fgmax,0.08157998796227833,0.06604980277590611,0.10089492930938476
LA4116,sun,pseudohypo,high,8,fgmax,0.0769024129653406,0.06758131219305438,0.08853148170440993
LA4116,sun,pseudohypo,low,7,fgmax,0.04088988954013161,0.033426205861855005,0.049841492705579284
LA4117A,shade,amphi,high,8,fgmax,0.18157046249561343,0.15520610355137854,0.21186991089722956
LA4117A,shade,amphi,low,9,fgmax,0.08076883393418334,0.06747846989514662,0.09973715499339794
LA4117A,shade,pseudohypo,high,7,fgmax,0.10461468669851746,0.09190121606289423,0.1197672885004999
LA4117A,shade,pseudohypo,low,9,fgmax,0.05520822655553793,0.04574256778016845,0.06809185595355637
LA4117A,sun,amphi,high,9,fgmax,0.17884036207381382,0.151707626761707,0.20778237789774218
LA4117A,sun,amphi,low,7,fgmax,0.05871484403350304,0.04867325976473134,0.0714368526561039
LA4117A,sun,pseudohypo,high,9,fgmax,0.08152546773527493,0.07197381269104039,0.09355230372162845
LA4117A,sun,pseudohypo,low,7,fgmax,0.03370740629179862,0.027830758910634294,0.04163645064256143
LA4126,shade,amphi,high,10,fgmax,0.1789383067636905,0.1593259861103711,0.20142589974107314
LA4126,shade,amphi,low,10,fgmax,0.10314762236470494,0.08829988515464195,0.12125910563059113
LA4126,shade,pseudohypo,high,9,fgmax,0.10626312546702382,0.09558274148228313,0.11791113039603754
LA4126,shade,pseudohypo,low,10,fgmax,0.0637490650776352,0.05517048418495714,0.0744031256202994
LA4126,sun,amphi,high,11,fgmax,0.17531537896433666,0.15668299476070885,0.19834163721899573
LA4126,sun,amphi,low,11,fgmax,0.07524950638819367,0.06410030877400205,0.08857071289222776
LA4126,sun,pseudohypo,high,11,fgmax,0.08300541004870912,0.07450900117529578,0.09209272846441614
LA4126,sun,pseudohypo,low,11,fgmax,0.03902150927546373,0.03356919415993194,0.045121002816333994
LA0107,shade,amphi,high,8,gcl,18.00122703168954,17.26711730272186,18.774036295531424
LA0107,shade,amphi,low,8,gcl,18.304372654062036,17.57720841991095,19.08892527494311
LA0107,shade,pseudohypo,high,8,gcl,18.821961472598822,18.080795198233105,19.533379873218568
LA0107,shade,pseudohypo,low,8,gcl,18.733906479694422,17.998341765255464,19.5051527197035
LA0107,sun,amphi,high,9,gcl,19.963884185032143,19.14798760013715,20.81705162652541
LA0107,sun,amphi,low,9,gcl,20.267768308418763,19.45614753669622,21.131292729035426
LA0107,sun,pseudohypo,high,9,gcl,21.57259092287896,20.703395672134796,22.37199835880487
LA0107,sun,pseudohypo,low,9,gcl,21.430916173824592,20.604645271684433,22.29544204680232
LA0407,shade,amphi,high,10,gcl,16.140189083760873,15.536171214670645,16.781550668840154
LA0407,shade,amphi,low,10,gcl,16.091270098117242,15.427131121883974,16.71173276214462
LA0407,shade,pseudohypo,high,10,gcl,16.869433800715367,16.181889532568107,17.497108711604856
LA0407,shade,pseudohypo,low,10,gcl,16.875684096689675,16.1928497929497,17.552969697857314
LA0407,sun,amphi,high,8,gcl,17.89041940876215,17.187939618442947,18.611094915191373
LA0407,sun,amphi,low,8,gcl,17.809630245057345,17.06957042594442,18.535036473158925
LA0407,sun,pseudohypo,high,8,gcl,19.339271475435492,18.547205030666856,20.06729415318416
LA0407,sun,pseudohypo,low,8,gcl,19.326140518366493,18.55025668455452,20.096054795118697
LA0429,shade,amphi,high,11,gcl,16.829131214862457,16.33571695883399,17.289694004024977
LA0429,shade,amphi,low,11,gcl,16.93276085382757,16.386107517589494,17.490857879644558
LA0429,shade,pseudohypo,high,11,gcl,17.892119607156577,17.37673196635816,18.40625199704399
LA0429,shade,pseudohypo,low,11,gcl,17.834377840250433,17.330269570636254,18.34269485880499
LA0429,sun,amphi,high,10,gcl,18.65715019337509,18.12262116666267,19.191005333446192
LA0429,sun,amphi,low,10,gcl,18.738525560881957,18.164682554446024,19.3273589433464
LA0429,sun,pseudohypo,high,10,gcl,20.48577809655601,19.92738292389129,21.06079712037795
LA0429,sun,pseudohypo,low,10,gcl,20.404978649080896,19.835574831760788,21.025206066950485
LA0436,shade,amphi,high,8,gcl,16.72217179053905,16.226830468371663,17.196311553346415
LA0436,shade,amphi,low,8,gcl,16.87562436531153,16.33261780294565,17.419082815430006
LA0436,shade,pseudohypo,high,8,gcl,17.78026726055386,17.27616785186671,18.29104361779877
LA0436,shade,pseudohypo,low,8,gcl,17.76653997295285,17.21298629433721,18.256238121503344
LA0436,sun,amphi,high,10,gcl,18.53980050812016,18.003263652706302,19.048617296927564
LA0436,sun,amphi,low,8,gcl,18.67993348436142,18.12098656273949,19.25997410552561
LA0436,sun,pseudohypo,high,10,gcl,20.392317524798845,19.812795245350642,20.928428687791783
LA0436,sun,pseudohypo,low,8,gcl,20.34227514768357,19.745464271842554,20.91675124141767
LA0444,shade,amphi,high,9,gcl,17.539111762792814,16.871519210925022,18.23751441403381
LA0444,shade,amphi,low,10,gcl,17.200994983083902,16.4835475900274,17.907292106655774
LA0444,shade,pseudohypo,high,9,gcl,18.066460079534473,17.34524598121958,18.761819243001703
LA0444,shade,pseudohypo,low,10,gcl,17.94874728746934,17.265750162557406,18.693152576997505
LA0444,sun,amphi,high,10,gcl,19.45720274320567,18.72574537650604,20.232214367922687
LA0444,sun,amphi,low,9,gcl,19.02921564127754,18.24774667057572,19.841931881981086
LA0444,sun,pseudohypo,high,10,gcl,20.70158691720915,19.858319295927664,21.493043390646545
LA0444,sun,pseudohypo,low,9,gcl,20.52939178659633,19.761748682853543,21.377631761739515
LA0716,shade,amphi,high,9,gcl,20.340612098380635,19.577080925721685,21.16178717521774
LA0716,shade,amphi,low,10,gcl,20.086188378013887,19.364069279143425,20.910439597839606
LA0716,shade,pseudohypo,high,9,gcl,20.976178873154954,20.199430416365875,21.848314200064436
LA0716,shade,pseudohypo,low,10,gcl,20.679843579341654,19.93185926923236,21.483764200575255
LA0716,sun,amphi,high,10,gcl,22.564197607854194,21.692531853604766,23.50397781619439
LA0716,sun,amphi,low,9,gcl,22.23857389722101,21.417320442728105,23.133429882938614
LA0716,sun,pseudohypo,high,10,gcl,24.02764155326004,23.133929544973352,25.011468195380942
LA0716,sun,pseudohypo,low,9,gcl,23.66665759350253,22.797061036638254,24.60656459267342
LA0750,shade,amphi,high,9,gcl,20.315273036660006,19.54539596821979,21.13197393048055
LA0750,shade,amphi,low,10,gcl,20.087140957955597,19.338567136523302,20.81045999128947
LA0750,shade,pseudohypo,high,9,gcl,20.732375577525,19.97812849571358,21.537930962061377
LA0750,shade,pseudohypo,low,10,gcl,20.659624679562945,19.893653994023335,21.508076307348407
LA0750,sun,amphi,high,11,gcl,22.527424090854403,21.686390882829937,23.429493383045884
LA0750,sun,amphi,low,9,gcl,22.250909373585333,21.427157728614635,23.11331366184333
LA0750,sun,pseudohypo,high,11,gcl,23.75445261654254,22.885922529979272,24.64194713797727
LA0750,sun,pseudohypo,low,9,gcl,23.645210521928572,22.787984625667402,24.542435672116977
LA1028,shade,amphi,high,10,gcl,20.931822109945387,20.101381464894473,21.7737834922004
LA1028,shade,amphi,low,10,gcl,21.135473175280353,20.33948287996447,21.996272321061593
LA1028,shade,pseudohypo,high,10,gcl,22.281125222796636,21.440782337305468,23.170371558390073
LA1028,shade,pseudohypo,low,10,gcl,22.323497985180452,21.5058236554299,23.238093190128406
LA1028,sun,amphi,high,7,gcl,23.188965719673345,22.265439084074817,24.196460783462086
LA1028,sun,amphi,low,7,gcl,23.40096837372725,22.513888827659645,24.327631883043356
LA1028,sun,pseudohypo,high,7,gcl,25.536745591416263,24.58964667551441,26.53859046076784
LA1028,sun,pseudohypo,low,7,gcl,25.592953891829207,24.614188806099655,26.555241143747445
LA1044,shade,amphi,high,10,gcl,17.12847116714618,16.643736452324138,17.590250157093678
LA1044,shade,amphi,low,10,gcl,17.265105354080085,16.790817429471975,17.81224204874417
LA1044,shade,pseudohypo,high,10,gcl,18.05848575977582,17.576940677184417,18.549187506490572
LA1044,shade,pseudohypo,low,10,gcl,17.970161491806085,17.456606264552324,18.45830671095023
LA1044,sun,amphi,high,11,gcl,18.991699380531248,18.42808029053471,19.482867836275723
LA1044,sun,amphi,low,11,gcl,19.115824932346285,18.600376485123892,19.69629272822214
LA1044,sun,pseudohypo,high,11,gcl,20.693250110980184,20.155144782569216,21.234566186860523
LA1044,sun,pseudohypo,low,11,gcl,20.563516151362137,19.96137207793008,21.136294865532157
LA1269,shade,amphi,high,10,gcl,17.46308681825885,16.87566009948396,18.089156358925727
LA1269,shade,amphi,low,9,gcl,17.549836962803894,16.90881312181285,18.20810324886743
LA1269,shade,pseudohypo,high,10,gcl,18.454723509594086,17.880051296088407,19.114188582636313
LA1269,shade,pseudohypo,low,9,gcl,18.342493917517736,17.67149954280037,19.02386532104987
LA1269,sun,amphi,high,9,gcl,19.365133309763408,18.719789151285806,20.06989525176735
LA1269,sun,amphi,low,6,gcl,19.4202847602048,18.735449936813446,20.165576261919806
LA1269,sun,pseudohypo,high,9,gcl,21.14939942271532,20.47490129969915,21.924877894352953
LA1269,sun,pseudohypo,low,6,gcl,21.000592308661044,20.202943674490182,21.8162538645983
LA1316,shade,amphi,high,9,gcl,19.822752497353978,19.20863737967083,20.56214322057532
LA1316,shade,amphi,low,10,gcl,19.85689376920836,19.16984342856111,20.61547601390893
LA1316,shade,pseudohypo,high,9,gcl,20.843265834160665,20.17021461163359,21.57995676818214
LA1316,shade,pseudohypo,low,10,gcl,20.864947961846934,20.161463240635584,21.603722763466013
LA1316,sun,amphi,high,10,gcl,21.985795483734623,21.251604783658923,22.7993947966154
LA1316,sun,amphi,low,9,gcl,22.00119069733771,21.20721161389805,22.864773948352354
LA1316,sun,pseudohypo,high,10,gcl,23.892483689594584,23.092434639435467,24.73923059884642
LA1316,sun,pseudohypo,low,9,gcl,23.896997668937612,23.052803334140755,24.695904977387116
LA1322,shade,amphi,high,10,gcl,18.029483903771066,17.397702867569617,18.63718972378941
LA1322,shade,amphi,low,8,gcl,17.958787051762737,17.247473309719194,18.640041555923546
LA1322,shade,pseudohypo,high,10,gcl,19.396511368837437,18.780048080990948,20.089657662750493
LA1322,shade,pseudohypo,low,8,gcl,19.25570729213901,18.55791724948743,20.045806777483623
LA1322,sun,amphi,high,10,gcl,19.99524020540117,19.298449899553127,20.66119780769415
LA1322,sun,amphi,low,9,gcl,19.874028920483564,19.11506737670178,20.63304040764295
LA1322,sun,pseudohypo,high,10,gcl,22.226814269682848,21.503823843378278,23.00617911911383
LA1322,sun,pseudohypo,low,9,gcl,22.051221936969117,21.218144712832142,22.870864240817763
LA1358,shade,amphi,high,8,gcl,16.660938538568534,16.006888990806516,17.4035255141077
LA1358,shade,amphi,low,9,gcl,16.778143797738615,16.094125202569995,17.472286638155307
LA1358,shade,pseudohypo,high,8,gcl,17.224690135376935,16.58119033158529,17.887520958213447
LA1358,shade,pseudohypo,low,9,gcl,17.18641599403731,16.487808080992217,17.929960759035882
LA1358,sun,amphi,high,10,gcl,18.478856352290997,17.737130709339798,19.289698170426643
LA1358,sun,amphi,low,8,gcl,18.567645531496883,17.795104704092218,19.381036020230336
LA1358,sun,pseudohypo,high,10,gcl,19.735727453108733,18.98717674204732,20.50922376688848
LA1358,sun,pseudohypo,low,8,gcl,19.688495157679156,18.898143277422744,20.50594445961729
LA1360,shade,amphi,high,10,gcl,17.25066243898464,16.586315090070904,17.880081820491025
LA1360,shade,amphi,low,10,gcl,17.4235814659001,16.762392999306442,18.176411013014235
LA1360,shade,pseudohypo,high,10,gcl,17.657116928207746,17.011144333121962,18.347737732169445
LA1360,shade,pseudohypo,low,10,gcl,17.803996507681507,17.098776293255117,18.517516414746865
LA1360,sun,amphi,high,10,gcl,19.12382141587583,18.4100074460183,19.81468602573993
LA1360,sun,amphi,low,9,gcl,19.29970430868593,18.543299353279263,20.104949724610464
LA1360,sun,pseudohypo,high,10,gcl,20.23202253102197,19.485989297256076,21.02427658720988
LA1360,sun,pseudohypo,low,9,gcl,20.372979631089585,19.571289726867477,21.20345083569197
LA1364,shade,amphi,high,10,gcl,16.57365590699808,15.886440770953879,17.26117178915268
LA1364,shade,amphi,low,10,gcl,16.49591368862393,15.769640913698387,17.20001922411694
LA1364,shade,pseudohypo,high,10,gcl,17.25731106945346,16.567581869659204,17.921122781470213
LA1364,shade,pseudohypo,low,10,gcl,17.310049866925514,16.62027635255576,18.070341071683572
LA1364,sun,amphi,high,8,gcl,18.360059455424825,17.608828225418943,19.188312530360662
LA1364,sun,amphi,low,6,gcl,18.276434083895072,17.48508591249035,19.045313970257823
LA1364,sun,pseudohypo,high,8,gcl,19.77059504280617,19.033325453651933,20.514119860160285
LA1364,sun,pseudohypo,low,7,gcl,19.81531629664029,19.01902781531689,20.675777688009276
LA1589,shade,amphi,high,10,gcl,16.965965318383525,16.380313451908865,17.546733075680052
LA1589,shade,amphi,low,10,gcl,17.194000692019795,16.627853678560577,17.838310465171396
LA1589,shade,pseudohypo,high,10,gcl,17.588203479940148,17.00662397155918,18.20359053012063
LA1589,shade,pseudohypo,low,10,gcl,17.758061700098203,17.13591416932574,18.39680708466727
LA1589,sun,amphi,high,9,gcl,18.803458487161254,18.181553806473637,19.449792842762047
LA1589,sun,amphi,low,6,gcl,19.02050747715996,18.4272683450912,19.78514847239288
LA1589,sun,pseudohypo,high,9,gcl,20.15217637006196,19.474351467273884,20.828416674542634
LA1589,sun,pseudohypo,low,6,gcl,20.32964620740208,19.547599109369386,21.067257619504026
LA1777,shade,amphi,high,10,gcl,15.543689945756382,14.945325397501843,16.200378787347233
LA1777,shade,amphi,low,9,gcl,15.673495381645003,15.02914813479058,16.414455223858017
LA1777,shade,pseudohypo,high,10,gcl,15.925498118567905,15.347931056406184,16.52741176899328
LA1777,shade,pseudohypo,low,9,gcl,15.890805483742142,15.22957505074592,16.572347639210694
LA1777,sun,amphi,high,10,gcl,17.241436440858145,16.525162100506233,17.960083561356377
LA1777,sun,amphi,low,9,gcl,17.365149926653032,16.63921549336114,18.135720159231564
LA1777,sun,pseudohypo,high,10,gcl,18.24082476493987,17.57461026645132,18.904114655289096
LA1777,sun,pseudohypo,low,7,gcl,18.17825573541847,17.40206801334693,18.986900490128974
LA1782,shade,amphi,high,10,gcl,15.454326631292682,14.80948340244764,16.120234832575346
LA1782,shade,amphi,low,10,gcl,15.458683364055789,14.83806939352157,16.126921856836972
LA1782,shade,pseudohypo,high,10,gcl,15.801681919994216,15.206047362106998,16.39706561981471
LA1782,shade,pseudohypo,low,10,gcl,15.690372818521174,15.098580827949288,16.38102754102998
LA1782,sun,amphi,high,10,gcl,17.156282876385177,16.405570352492163,17.846149987730627
LA1782,sun,amphi,low,8,gcl,17.109087241707897,16.411185340357353,17.851899676200997
LA1782,sun,pseudohypo,high,10,gcl,18.107690562751145,17.404256617633685,18.789396676401914
LA1782,sun,pseudohypo,low,8,gcl,17.96609885267112,17.2646649872865,18.78885961453924
LA2133,shade,amphi,high,10,gcl,17.23991845179404,16.6262982962444,17.836938028551824
LA2133,shade,amphi,low,9,gcl,17.1954836095688,16.483103023205587,17.85318961181369
LA2133,shade,pseudohypo,high,10,gcl,18.7965523146549,18.183032665111377,19.465518098772243
LA2133,shade,pseudohypo,low,9,gcl,18.76371073141053,18.11074074320941,19.48882625361323
LA2133,sun,amphi,high,11,gcl,19.08539360551834,18.474900045268583,19.802104039974903
LA2133,sun,amphi,low,8,gcl,19.02850547468716,18.243196277381905,19.767105235838827
LA2133,sun,pseudohypo,high,11,gcl,21.552363495476403,20.817982559867783,22.283855918616037
LA2133,sun,pseudohypo,low,8,gcl,21.441575089510366,20.684583591077,22.351630306238857
LA2172,shade,amphi,high,10,gcl,17.819007399425427,17.19240978496801,18.438215192962495
LA2172,shade,amphi,low,10,gcl,17.674811032589552,17.052117783635847,18.369065794864653
LA2172,shade,pseudohypo,high,10,gcl,18.884405413918763,18.241372898103,19.550411293093955
LA2172,shade,pseudohypo,low,10,gcl,18.92883058385939,18.216977967486507,19.598473420618355
LA2172,sun,amphi,high,10,gcl,19.771501594799044,19.078956673640178,20.483672016908375
LA2172,sun,amphi,low,10,gcl,19.575967413027236,18.846245187403532,20.33265113205872
LA2172,sun,pseudohypo,high,10,gcl,21.65655621309009,20.877780553620482,22.407725506867507
LA2172,sun,pseudohypo,low,10,gcl,21.688479136342046,20.858687675629593,22.42428205617186
LA2744,shade,amphi,high,9,gcl,19.05083514034536,18.267600772334575,19.885740004024523
LA2744,shade,amphi,low,10,gcl,18.976992018809838,18.233275491642576,19.67957595716603
LA2744,shade,pseudohypo,high,9,gcl,20.00065677970393,19.29111759818348,20.766953399717487
LA2744,shade,pseudohypo,low,10,gcl,19.978868380423584,19.20303340983139,20.777998555963535
LA2744,sun,amphi,high,9,gcl,21.11327429119569,20.28130451699885,22.043485403794584
LA2744,sun,amphi,low,10,gcl,21.000072665933835,20.14425239981794,21.81363394437588
LA2744,sun,pseudohypo,high,9,gcl,22.905754567521424,22.09045915023679,23.840628794797052
LA2744,sun,pseudohypo,low,10,gcl,22.88407891775471,22.011375283046082,23.788568222551103
LA2933,shade,amphi,high,10,gcl,16.457944648818696,15.875985027814737,17.00731270190547
LA2933,shade,amphi,low,9,gcl,16.267403657854732,15.68571643434174,16.86907587309199
LA2933,shade,pseudohypo,high,10,gcl,17.684188442344706,17.09495749519417,18.30166241644243
LA2933,shade,pseudohypo,low,9,gcl,17.857903449287058,17.224220458929917,18.47338364152158
LA2933,sun,amphi,high,10,gcl,18.232067760386155,17.61557384275258,18.871814804209674
LA2933,sun,amphi,low,10,gcl,18.013214348023993,17.370558313723244,18.63708743385432
LA2933,sun,pseudohypo,high,10,gcl,20.26896817250962,19.56660769935861,20.980755645691065
LA2933,sun,pseudohypo,low,10,gcl,20.437199889217013,19.714173554081764,21.16354641395164
LA2951,shade,amphi,high,6,gcl,20.770466543305567,20.006722909604868,21.62768579027109
LA2951,shade,amphi,low,9,gcl,20.784979813522177,19.985860557273128,21.593334481557278
LA2951,shade,pseudohypo,high,6,gcl,21.097900000788588,20.310553347551384,21.97946470613735
LA2951,shade,pseudohypo,low,9,gcl,20.605553400227322,19.83711609844586,21.3639214184917
LA2951,sun,amphi,high,10,gcl,23.037823356712806,22.194470426826275,23.992315822049243
LA2951,sun,amphi,low,9,gcl,22.992867347330744,22.20536438650541,23.897041985960886
LA2951,sun,pseudohypo,high,10,gcl,24.16230804094888,23.284652161154472,25.148147027688346
LA2951,sun,pseudohypo,low,9,gcl,23.572108467381145,22.672656980068243,24.46002515078715
LA2964,shade,amphi,high,10,gcl,17.922432768439556,17.226416424342148,18.667252919954457
LA2964,shade,amphi,low,10,gcl,17.98716925404451,17.238830572271418,18.722682602343163
LA2964,shade,pseudohypo,high,10,gcl,18.900419110907084,18.18107095717915,19.707167780624896
LA2964,shade,pseudohypo,low,10,gcl,18.877122140501257,18.14320921742803,19.613894317696513
LA2964,sun,amphi,high,10,gcl,19.880740191338276,19.14338577258318,20.690508294215892
LA2964,sun,amphi,low,10,gcl,19.919633183420885,19.153732167670743,20.74714969717824
LA2964,sun,pseudohypo,high,10,gcl,21.662124981142327,20.85170315604653,22.576278477570202
LA2964,sun,pseudohypo,low,10,gcl,21.584368550693306,20.795508190367084,22.44608569463562
LA3124,shade,amphi,high,10,gcl,16.549973398824537,15.975032848410285,17.12916517547194
LA3124,shade,amphi,low,10,gcl,16.435442179496295,15.835707606892232,16.940177578310752
LA3124,shade,pseudohypo,high,10,gcl,17.468071328569575,16.836117044138703,18.020565793090164
LA3124,shade,pseudohypo,low,10,gcl,17.543571526092492,16.962595225011537,18.111549351502205
LA3124,sun,amphi,high,8,gcl,18.348194118556446,17.709061619871445,19.016968198465353
LA3124,sun,amphi,low,8,gcl,18.184179285118226,17.55873586586192,18.81219083398187
LA3124,sun,pseudohypo,high,8,gcl,20.024394243812424,19.28044351002844,20.69691437809382
LA3124,sun,pseudohypo,low,8,gcl,20.086415764996488,19.395923394813202,20.76771152065876
LA3778,shade,amphi,high,9,gcl,17.376526131498764,16.672802386467335,18.099236476260327
LA3778,shade,amphi,low,10,gcl,17.15347873957455,16.474945449906105,17.876335066929943
LA3778,shade,pseudohypo,high,9,gcl,17.87115054925033,17.120619796930253,18.576447207526545
LA3778,shade,pseudohypo,low,10,gcl,18.03109803852374,17.318036413287473,18.79772844796875
LA3778,sun,amphi,high,9,gcl,19.26339412539675,18.483400139091607,20.05799703510656
LA3778,sun,amphi,low,8,gcl,18.97545681379105,18.222494702278468,19.819911248184205
LA3778,sun,pseudohypo,high,9,gcl,20.470833142408885,19.66563618515855,21.289162858415786
LA3778,sun,pseudohypo,low,8,gcl,20.623816505028845,19.808154483151117,21.493612909034496
LA4116,shade,amphi,high,8,gcl,20.41353343353643,19.624555768259125,21.307143540986154
LA4116,shade,amphi,low,8,gcl,20.383293668117222,19.405595717012346,21.35379751686302
LA4116,shade,pseudohypo,high,7,gcl,20.924581475402388,20.043354695862757,21.775107897818792
LA4116,shade,pseudohypo,low,8,gcl,20.86960621626037,19.996962448611495,21.919349003645532
LA4116,sun,amphi,high,9,gcl,22.645056578418007,21.745165559458165,23.618268185587386
LA4116,sun,amphi,low,7,gcl,22.57673852698573,21.471773198060195,23.626584499672422
LA4116,sun,pseudohypo,high,8,gcl,23.966772094853795,22.945954480299235,24.974650975949245
LA4116,sun,pseudohypo,low,7,gcl,23.905192505873934,22.87132320534747,25.067109232908873
LA4117A,shade,amphi,high,8,gcl,18.248466616776668,17.508477061355627,19.039760585629548
LA4117A,shade,amphi,low,9,gcl,18.202659526740486,17.38240507023691,18.981509790327777
LA4117A,shade,pseudohypo,high,7,gcl,18.630484365552007,17.819657388263554,19.40932559319738
LA4117A,shade,pseudohypo,low,9,gcl,18.98546904571527,18.210957539032727,19.821877812920004
LA4117A,sun,amphi,high,9,gcl,20.247869831233736,19.39719055927229,21.111327113203846
LA4117A,sun,amphi,low,7,gcl,20.155002060463314,19.27323181960313,21.028654935518816
LA4117A,sun,pseudohypo,high,9,gcl,21.342807250926246,20.48411753137776,22.23442062431326
LA4117A,sun,pseudohypo,low,7,gcl,21.750744568864572,20.841311589287425,22.649348846117206
LA4126,shade,amphi,high,10,gcl,20.836363823011318,20.106291677178966,21.625916750368376
LA4126,shade,amphi,low,10,gcl,20.540400307952325,19.753482300155916,21.288250877889027
LA4126,shade,pseudohypo,high,9,gcl,21.298660320794248,20.52710547548849,22.044653573044485
LA4126,shade,pseudohypo,low,10,gcl,20.839527835862043,20.098274512884462,21.58094465863233
LA4126,sun,amphi,high,11,gcl,23.085427262081478,22.31897541692847,23.978247447391976
LA4126,sun,amphi,low,11,gcl,22.74796053351555,21.904316193178943,23.53967900528424
LA4126,sun,pseudohypo,high,11,gcl,24.38595834538053,23.56358215367409,25.256084795755836
LA4126,sun,pseudohypo,low,11,gcl,23.819352761578745,23.012284464572105,24.713200322713647
LA0107,shade,amphi,high,8,lambda,1.2634081640761643,1.2046972030624967,1.3299086891468355
LA0107,shade,amphi,low,8,lambda,1.1469033754597304,1.0876634634570768,1.216338140929282
LA0107,shade,pseudohypo,high,8,lambda,1.2113643004896466,1.1465985182587837,1.2704222396763853
LA0107,shade,pseudohypo,low,8,lambda,1.1175523320678131,1.0597346834373154,1.1685572818035712
LA0107,sun,amphi,high,9,lambda,1.4225013361643386,1.357010708329093,1.4909935689840605
LA0107,sun,amphi,low,9,lambda,1.241799458390718,1.174399738604292,1.313509716004028
LA0107,sun,pseudohypo,high,9,lambda,1.3500958325433183,1.2811766926819914,1.417173124886177
LA0107,sun,pseudohypo,low,9,lambda,1.1628373349647947,1.1047105386716451,1.2165821823489094
LA0407,shade,amphi,high,10,lambda,1.1963924402430823,1.144276345170158,1.2505051492750632
LA0407,shade,amphi,low,10,lambda,1.1154217388299021,1.0547020781297372,1.1759197576410372
LA0407,shade,pseudohypo,high,10,lambda,1.1956807715727407,1.140697807392239,1.258331163486749
LA0407,shade,pseudohypo,low,10,lambda,1.077021712351189,1.0198755629029999,1.1316364516350528
LA0407,sun,amphi,high,8,lambda,1.3442039501341223,1.2844817935389394,1.4061744216473906
LA0407,sun,amphi,low,8,lambda,1.2068418021003888,1.1407203673783728,1.2730733194576074
LA0407,sun,pseudohypo,high,8,lambda,1.337275155340996,1.2725273505340302,1.404436377784644
LA0407,sun,pseudohypo,low,8,lambda,1.122799491814558,1.0590708508792264,1.184309551340666
LA0429,shade,amphi,high,11,lambda,1.181594054516843,1.1477043035909955,1.2138023071694206
LA0429,shade,amphi,low,11,lambda,1.1055104461782443,1.0640421555367787,1.1470233255233802
LA0429,shade,pseudohypo,high,11,lambda,1.1748776018125273,1.1380868436904532,1.213722270713107
LA0429,shade,pseudohypo,low,11,lambda,1.1241033610239906,1.086787533296265,1.159314090027445
LA0429,sun,amphi,high,10,lambda,1.3288014293684083,1.2914740737803279,1.3657335236317165
LA0429,sun,amphi,low,10,lambda,1.1969927550886494,1.1478167901502416,1.2400713924921054
LA0429,sun,pseudohypo,high,10,lambda,1.312370811098646,1.2728434053311077,1.3552151277000515
LA0429,sun,pseudohypo,low,10,lambda,1.1697246526528455,1.1302427789037657,1.2107321822483523
LA0436,shade,amphi,high,8,lambda,1.1870642602484265,1.1552320895261066,1.2215209942650138
LA0436,shade,amphi,low,8,lambda,1.1042587363145084,1.0635824491103452,1.1445301034234692
LA0436,shade,pseudohypo,high,8,lambda,1.1797036560544465,1.1419406049439917,1.2187895506271407
LA0436,shade,pseudohypo,low,8,lambda,1.1216797348004,1.0868105578024254,1.1578316743530737
LA0436,sun,amphi,high,10,lambda,1.335549427679,1.3001257187857977,1.3719225820714478
LA0436,sun,amphi,low,8,lambda,1.1942764537808686,1.1510999159825042,1.236237728295743
LA0436,sun,pseudohypo,high,10,lambda,1.3163579435518358,1.2790994458003566,1.3599037649621006
LA0436,sun,pseudohypo,low,8,lambda,1.1691069046891727,1.1294846822473894,1.2072115262056597
LA0444,shade,amphi,high,9,lambda,1.1470929857285326,1.0911013325842485,1.2036554275692526
LA0444,shade,amphi,low,10,lambda,1.0936952403821212,1.0267631641955002,1.1559283943755956
LA0444,shade,pseudohypo,high,9,lambda,1.1503059621700886,1.0893436295104966,1.2103183720548019
LA0444,shade,pseudohypo,low,10,lambda,1.116665738528486,1.0574476118294653,1.1700030469534597
LA0444,sun,amphi,high,10,lambda,1.2891415013515248,1.2260452689682497,1.350744389479669
LA0444,sun,amphi,low,9,lambda,1.1818619096479406,1.1107168104151723,1.2506841933496542
LA0444,sun,pseudohypo,high,10,lambda,1.2847597604238885,1.217502041232251,1.3502432814659036
LA0444,sun,pseudohypo,low,9,lambda,1.1635471917488729,1.102190789705887,1.2189257288984878
LA0716,shade,amphi,high,9,lambda,1.1714769012166424,1.1218395891976831,1.2261371006231565
LA0716,shade,amphi,low,10,lambda,1.1570167231541049,1.1014964344389686,1.2157499100323659
LA0716,shade,pseudohypo,high,9,lambda,1.2036969872587646,1.146401271459389,1.2637571055143229
LA0716,shade,pseudohypo,low,10,lambda,1.136919233608272,1.0810534172515602,1.1950443196631828
LA0716,sun,amphi,high,10,lambda,1.3189957347101973,1.2589186076991308,1.3765946686007884
LA0716,sun,amphi,low,9,lambda,1.2511277367675593,1.1938424275076864,1.3161256065497884
LA0716,sun,pseudohypo,high,10,lambda,1.3433799420450092,1.2816006417204036,1.4116713205004392
LA0716,sun,pseudohypo,low,9,lambda,1.183251527216767,1.123929246391589,1.241118308962214
LA0750,shade,amphi,high,9,lambda,1.1552127013131226,1.1065238938984079,1.205685269219795
LA0750,shade,amphi,low,10,lambda,1.1733175656674553,1.1167758107916812,1.2341419498057633
LA0750,shade,pseudohypo,high,9,lambda,1.2123164343285369,1.1551704319295513,1.2702094947338225
LA0750,shade,pseudohypo,low,10,lambda,1.1246692928162594,1.0669023445950465,1.1865405544400047
LA0750,sun,amphi,high,11,lambda,1.299594090325711,1.2460474697472057,1.3548006666139514
LA0750,sun,amphi,low,9,lambda,1.2676803971200976,1.209643706004615,1.3386146599798412
LA0750,sun,pseudohypo,high,11,lambda,1.3532404910231424,1.2915254914216907,1.4158835745809057
LA0750,sun,pseudohypo,low,9,lambda,1.1715335454271625,1.1107524134581264,1.2323772813586065
LA1028,shade,amphi,high,10,lambda,1.3283412408268152,1.2730183485492153,1.3867593502582876
LA1028,shade,amphi,low,10,lambda,1.2033710672373426,1.14348000455567,1.2645859571092846
LA1028,shade,pseudohypo,high,10,lambda,1.391651809125174,1.331909974470164,1.4624116009467785
LA1028,shade,pseudohypo,low,10,lambda,1.206330283227709,1.1508507959999874,1.270017561655386
LA1028,sun,amphi,high,7,lambda,1.4937495314141584,1.426577660244051,1.558329985144721
LA1028,sun,amphi,low,7,lambda,1.3024805334423566,1.2392811399324404,1.3698811205447352
LA1028,sun,pseudohypo,high,7,lambda,1.552360082080045,1.4861044046844927,1.6348718752219638
LA1028,sun,pseudohypo,low,7,lambda,1.2573345515602907,1.2000829565945375,1.3204978893738435
LA1044,shade,amphi,high,10,lambda,1.1832256187291645,1.150400364913098,1.2157396925057815
LA1044,shade,amphi,low,10,lambda,1.1059577758272663,1.063607825692626,1.144513747919021
LA1044,shade,pseudohypo,high,10,lambda,1.1831180420842813,1.148237196941764,1.2224794430873034
LA1044,shade,pseudohypo,low,10,lambda,1.1204289504973899,1.08554890712514,1.1569559406457752
LA1044,sun,amphi,high,11,lambda,1.3303471769890751,1.2947204947939293,1.3681525723130312
LA1044,sun,amphi,low,11,lambda,1.1973021087576639,1.152708876660082,1.2406690984353312
LA1044,sun,pseudohypo,high,11,lambda,1.3215326545862385,1.284274251344277,1.362725588443552
LA1044,sun,pseudohypo,low,11,lambda,1.1678115047933373,1.127785682747759,1.2072571700945192
LA1269,shade,amphi,high,10,lambda,1.183767813833612,1.1463554342431745,1.226840466900996
LA1269,shade,amphi,low,9,lambda,1.1374505740905907,1.098795677941352,1.1915709748340297
LA1269,shade,pseudohypo,high,10,lambda,1.1978363180283773,1.1537895146586317,1.2451433894078485
LA1269,shade,pseudohypo,low,9,lambda,1.1447532052414484,1.1043244713703617,1.1883635875584027
LA1269,sun,amphi,high,9,lambda,1.33062244365147,1.2847674986130435,1.3779093337708954
LA1269,sun,amphi,low,6,lambda,1.230382075270571,1.1864600883019156,1.2854282015762244
LA1269,sun,pseudohypo,high,9,lambda,1.3390732443537903,1.287768589625005,1.3874927771607595
LA1269,sun,pseudohypo,low,6,lambda,1.19483875831592,1.147947265136473,1.238739708307
LA1316,shade,amphi,high,9,lambda,1.3179482549119348,1.2684057906624993,1.3735541223872523
LA1316,shade,amphi,low,10,lambda,1.1751038139603878,1.1260207537027536,1.2259376046929404
LA1316,shade,pseudohypo,high,9,lambda,1.365903131975809,1.309604631703528,1.4229955159807859
LA1316,shade,pseudohypo,low,10,lambda,1.1801441158543315,1.1306867354640346,1.2319915357439202
LA1316,sun,amphi,high,10,lambda,1.482979726556032,1.4257274646245919,1.5467575069698714
LA1316,sun,amphi,low,9,lambda,1.271796192171422,1.2153105368733614,1.3320124200678654
LA1316,sun,pseudohypo,high,10,lambda,1.5251515596527094,1.4658404614614817,1.5922019950718889
LA1316,sun,pseudohypo,low,9,lambda,1.2301550151246243,1.1801856478037909,1.280242218586664
LA1322,shade,amphi,high,10,lambda,1.3150338812408788,1.2704133140386895,1.365303669284767
LA1322,shade,amphi,low,8,lambda,1.2277310720012382,1.1730782753516464,1.2881480541496524
LA1322,shade,pseudohypo,high,10,lambda,1.340391103954204,1.28891468964015,1.3967355865123101
LA1322,shade,pseudohypo,low,8,lambda,1.181954387873707,1.13659597242425,1.2395358715336493
LA1322,sun,amphi,high,10,lambda,1.4779029554506387,1.4283036727547016,1.5383294349143906
LA1322,sun,amphi,low,9,lambda,1.3274015793020524,1.2665345906649375,1.3945529204866265
LA1322,sun,pseudohypo,high,10,lambda,1.4961043488128747,1.43999416320524,1.559060530011622
LA1322,sun,pseudohypo,low,9,lambda,1.2312702479444884,1.183120814677337,1.2889444778984198
LA1358,shade,amphi,high,8,lambda,1.2148911781832175,1.158220553316326,1.2722529413349624
LA1358,shade,amphi,low,9,lambda,1.126434341168542,1.0633975561627516,1.1893702792987866
LA1358,shade,pseudohypo,high,8,lambda,1.2218731364079427,1.1646111960862877,1.2817347686557627
LA1358,shade,pseudohypo,low,9,lambda,1.0902483954358404,1.0335394694575366,1.1410025635675198
LA1358,sun,amphi,high,10,lambda,1.3649301521614883,1.304622268303264,1.4328892221386862
LA1358,sun,amphi,low,8,lambda,1.218790577274951,1.1533774029825208,1.287168469075735
LA1358,sun,pseudohypo,high,10,lambda,1.3651036058798345,1.3015552413843288,1.4349209735596515
LA1358,sun,pseudohypo,low,8,lambda,1.1348068667494113,1.0734508985280093,1.190348978857047
LA1360,shade,amphi,high,10,lambda,1.210515762149041,1.1606389433394324,1.2645897572969624
LA1360,shade,amphi,low,10,lambda,1.1168453094660913,1.0547112816584319,1.1743178954832374
LA1360,shade,pseudohypo,high,10,lambda,1.1895521417323218,1.1328170186837092,1.245522613964006
LA1360,shade,pseudohypo,low,10,lambda,1.098753658275262,1.0393248540526931,1.1544254285634061
LA1360,sun,amphi,high,10,lambda,1.3621159271677028,1.3027645123156433,1.4213257216227386
LA1360,sun,amphi,low,9,lambda,1.2070112213918807,1.1402437538876158,1.2699303689258878
LA1360,sun,pseudohypo,high,10,lambda,1.328907024111772,1.2669439839513994,1.392560965584287
LA1360,sun,pseudohypo,low,9,lambda,1.1455763210086258,1.0808307175897511,1.2002356535588088
LA1364,shade,amphi,high,10,lambda,1.2507943674081847,1.1897414641465416,1.311158952395631
LA1364,shade,amphi,low,10,lambda,1.1705118619670012,1.1136194618356274,1.237951921826434
LA1364,shade,pseudohypo,high,10,lambda,1.240353380077245,1.1795935920657272,1.2993843379528274
LA1364,shade,pseudohypo,low,10,lambda,1.1407686590291781,1.0851042341834547,1.2040506402374327
LA1364,sun,amphi,high,8,lambda,1.4072305521335857,1.339771558723305,1.47619933083306
LA1364,sun,amphi,low,6,lambda,1.2648303385989375,1.1983162134605863,1.3432383657903304
LA1364,sun,pseudohypo,high,8,lambda,1.383952265008682,1.3182545816142555,1.4519869741626459
LA1364,sun,pseudohypo,low,7,lambda,1.187846715192579,1.1302797466357979,1.2569937459275635
LA1589,shade,amphi,high,10,lambda,1.1781940782574405,1.1362104412250364,1.2209729126247844
LA1589,shade,amphi,low,10,lambda,1.130088406494696,1.0870759421150629,1.1761148584063035
LA1589,shade,pseudohypo,high,10,lambda,1.1730177427312065,1.1283087875028577,1.2158662401294513
LA1589,shade,pseudohypo,low,10,lambda,1.1287869441416434,1.0876535648835945,1.166767314292687
LA1589,sun,amphi,high,9,lambda,1.32464316800174,1.279040412885918,1.371816338121318
LA1589,sun,amphi,low,6,lambda,1.223174915320877,1.1759702991703778,1.272656377401319
LA1589,sun,pseudohypo,high,9,lambda,1.3097239266652407,1.2609860540062794,1.3567099981572743
LA1589,sun,pseudohypo,low,6,lambda,1.1757251639038866,1.1311695108264281,1.218770268980517
LA1777,shade,amphi,high,10,lambda,1.191288570814143,1.1356891562002522,1.2450132328433188
LA1777,shade,amphi,low,9,lambda,1.077314200073214,1.0099033169711242,1.1522174405039114
LA1777,shade,pseudohypo,high,10,lambda,1.16306543595807,1.107629451680833,1.2230225539728539
LA1777,shade,pseudohypo,low,9,lambda,1.0291620442923033,0.9661124023484313,1.0941341031628309
LA1777,sun,amphi,high,10,lambda,1.3392795337627057,1.274857610583226,1.4059136810288781
LA1777,sun,amphi,low,9,lambda,1.165947693913847,1.0936134901558172,1.2441046815529926
LA1777,sun,pseudohypo,high,10,lambda,1.297673763027872,1.2327993945427662,1.3653901916815396
LA1777,sun,pseudohypo,low,7,lambda,1.073307596301898,0.9992889962680277,1.1362664543717862
LA1782,shade,amphi,high,10,lambda,1.2658354823154945,1.2116424751745336,1.327637598743659
LA1782,shade,amphi,low,10,lambda,1.1446482367005242,1.0830188674659793,1.2193261765315186
LA1782,shade,pseudohypo,high,10,lambda,1.2378119487600086,1.1711339795308802,1.3036578178567813
LA1782,shade,pseudohypo,low,10,lambda,1.071685706042781,1.0090501479190848,1.1341149973931648
LA1782,sun,amphi,high,10,lambda,1.4260235848202938,1.3608703039085361,1.4929449445393994
LA1782,sun,amphi,low,8,lambda,1.236253035053373,1.1720614482759684,1.3214229873884498
LA1782,sun,pseudohypo,high,10,lambda,1.380767481373348,1.306097511227073,1.4557360229235388
LA1782,sun,pseudohypo,low,8,lambda,1.1159551991806913,1.0506151893823186,1.1796372873808405
LA2133,shade,amphi,high,10,lambda,1.3168662071544812,1.268777204311551,1.3723799603585487
LA2133,shade,amphi,low,9,lambda,1.2196409668910908,1.1668110538355039,1.2838008862837795
LA2133,shade,pseudohypo,high,10,lambda,1.334780517541427,1.2807159636473264,1.3938323546238662
LA2133,shade,pseudohypo,low,9,lambda,1.175216542434313,1.1300160633136198,1.2318585075525117
LA2133,sun,amphi,high,11,lambda,1.4816780758435815,1.4278526868117367,1.541880193812397
LA2133,sun,amphi,low,8,lambda,1.3204726556925772,1.2593592858020304,1.3915922772737024
LA2133,sun,pseudohypo,high,11,lambda,1.4907214762309657,1.4345727921218898,1.5544376968626479
LA2133,sun,pseudohypo,low,8,lambda,1.2238004398995133,1.175449031721235,1.2797425358727825
LA2172,shade,amphi,high,10,lambda,1.2910244009510194,1.2426143841754946,1.3389700365828592
LA2172,shade,amphi,low,10,lambda,1.2163010980855575,1.1597571212931055,1.2783962504840287
LA2172,shade,pseudohypo,high,10,lambda,1.3207742332610475,1.2722804598275614,1.373303810151841
LA2172,shade,pseudohypo,low,10,lambda,1.1801001198396732,1.1317476443961876,1.2368124483297034
LA2172,sun,amphi,high,10,lambda,1.4526842369878843,1.3984154029446318,1.5081698532136367
LA2172,sun,amphi,low,10,lambda,1.3171066105113751,1.2522253560181105,1.3801880092135128
LA2172,sun,pseudohypo,high,10,lambda,1.474509476976381,1.4181887396249733,1.5316616027713077
LA2172,sun,pseudohypo,low,10,lambda,1.2284382593170562,1.1773200721918957,1.2887565232191933
LA2744,shade,amphi,high,9,lambda,1.2004157600541323,1.1409960329439364,1.2561133037884766
LA2744,shade,amphi,low,10,lambda,1.1787432523055696,1.1239830627160479,1.246494670748383
LA2744,shade,pseudohypo,high,9,lambda,1.2028818206881526,1.1408641728568123,1.2650043911015745
LA2744,shade,pseudohypo,low,10,lambda,1.1771171381871957,1.1210010717549568,1.2404178823007272
LA2744,sun,amphi,high,9,lambda,1.3506343216690753,1.2812980484106693,1.4102744093288253
LA2744,sun,amphi,low,10,lambda,1.2769709140378838,1.2134357116445937,1.348745398692994
LA2744,sun,pseudohypo,high,9,lambda,1.3436809085783263,1.2752071706370496,1.4146791681544002
LA2744,sun,pseudohypo,low,10,lambda,1.225715781767441,1.1682387605329725,1.2921455079870556
LA2933,shade,amphi,high,10,lambda,1.2044546447165205,1.1639652123902837,1.2454674163152133
LA2933,shade,amphi,low,9,lambda,1.1235491399949311,1.0759190854865106,1.1717308994581344
LA2933,shade,pseudohypo,high,10,lambda,1.1911443454728659,1.150563923908677,1.2348052501389044
LA2933,shade,pseudohypo,low,9,lambda,1.1459946008714585,1.1069002221997468,1.1917261477762258
LA2933,sun,amphi,high,10,lambda,1.352988500173077,1.3075532999419002,1.4018249206031377
LA2933,sun,amphi,low,10,lambda,1.2148440267418366,1.1682512919118477,1.2679958178702335
LA2933,sun,pseudohypo,high,10,lambda,1.3317380643573478,1.2827642110375015,1.3786252729895954
LA2933,sun,pseudohypo,low,10,lambda,1.1955181652628888,1.1509009134958084,1.2451651772420131
LA2951,shade,amphi,high,6,lambda,1.220127751369125,1.1671096927576983,1.2704961744310568
LA2951,shade,amphi,low,9,lambda,1.199971921775754,1.1418649889972312,1.2598344973795756
LA2951,shade,pseudohypo,high,6,lambda,1.2037811888079384,1.1483949732175578,1.2623401392830098
LA2951,shade,pseudohypo,low,9,lambda,1.1770202327119286,1.122486709864706,1.2351604211348755
LA2951,sun,amphi,high,10,lambda,1.3705820080194573,1.3138231173995742,1.4286522778552513
LA2951,sun,amphi,low,9,lambda,1.2975637259964985,1.2344255117728316,1.3660911286965718
LA2951,sun,pseudohypo,high,10,lambda,1.3434685412095684,1.2833586549926113,1.4082685124231777
LA2951,sun,pseudohypo,low,9,lambda,1.2255349922181842,1.1712040617814525,1.286763819189233
LA2964,shade,amphi,high,10,lambda,1.324374700637744,1.2620458197369688,1.3866124301950127
LA2964,shade,amphi,low,10,lambda,1.2320737409656268,1.166084360320197,1.3011664813023478
LA2964,shade,pseudohypo,high,10,lambda,1.25738579716023,1.1984425437983728,1.3198905071116935
LA2964,shade,pseudohypo,low,10,lambda,1.1855415649237393,1.1282741414889959,1.251997724331929
LA2964,sun,amphi,high,10,lambda,1.4887630002871848,1.4194539667434303,1.560190325741421
LA2964,sun,amphi,low,10,lambda,1.3344031583652802,1.2606327753997124,1.4121233539363338
LA2964,sun,pseudohypo,high,10,lambda,1.4027709486159898,1.3384674041362628,1.4740549491394255
LA2964,sun,pseudohypo,low,10,lambda,1.2339240874779038,1.1759635224846592,1.3042033471332175
LA3124,shade,amphi,high,10,lambda,1.1805772909943604,1.1447894607219467,1.221473794078837
LA3124,shade,amphi,low,10,lambda,1.1200848714316904,1.077850080259618,1.1644419281331664
LA3124,shade,pseudohypo,high,10,lambda,1.178945145288517,1.1359088716916692,1.2214850515385673
LA3124,shade,pseudohypo,low,10,lambda,1.1225267122996125,1.0849926721599665,1.1611917234971418
LA3124,sun,amphi,high,8,lambda,1.3290502860171813,1.2845779630217529,1.3748954944998841
LA3124,sun,amphi,low,8,lambda,1.2119892033737762,1.1658445287220822,1.2612584870609265
LA3124,sun,pseudohypo,high,8,lambda,1.3178061152682747,1.2698137123849296,1.3596432902310502
LA3124,sun,pseudohypo,low,8,lambda,1.169737306802584,1.1266539232071884,1.2123074144247414
LA3778,shade,amphi,high,9,lambda,1.2133913963861804,1.160696326805332,1.2768890131035942
LA3778,shade,amphi,low,10,lambda,1.155078003856719,1.0948567267422622,1.2227738521878322
LA3778,shade,pseudohypo,high,9,lambda,1.1882978903964323,1.1322332777373374,1.2537341659972494
LA3778,shade,pseudohypo,low,10,lambda,1.0927643760280423,1.0366647933878148,1.1494862373245356
LA3778,sun,amphi,high,9,lambda,1.366165520531406,1.3063011374280655,1.437849180692862
LA3778,sun,amphi,low,8,lambda,1.2483122946610323,1.1863324779755091,1.3258950882078595
LA3778,sun,pseudohypo,high,9,lambda,1.3279285375228087,1.2596364994608076,1.3967303695749638
LA3778,sun,pseudohypo,low,8,lambda,1.1376545457388034,1.0782200859582518,1.1977994630883964
LA4116,shade,amphi,high,8,lambda,1.2681356229400091,1.2034940913759058,1.3309649439008955
LA4116,shade,amphi,low,8,lambda,1.1250210011825883,1.0471113796186944,1.1939354659599806
LA4116,shade,pseudohypo,high,7,lambda,1.2086592936236027,1.1429351545658306,1.2745517477463375
LA4116,shade,pseudohypo,low,8,lambda,1.188671927986996,1.1238928732186269,1.2642413340030962
LA4116,sun,amphi,high,9,lambda,1.4253252567124528,1.3569295842436193,1.4971984340821283
LA4116,sun,amphi,low,7,lambda,1.2166603072563,1.1313793491607143,1.290905925334282
LA4116,sun,pseudohypo,high,8,lambda,1.3495944015339227,1.2780921167603467,1.425181599861049
LA4116,sun,pseudohypo,low,7,lambda,1.2378384524542905,1.1687805671383271,1.3160850860285884
LA4117A,shade,amphi,high,8,lambda,1.1886237484647433,1.1275099925753846,1.2525539786815738
LA4117A,shade,amphi,low,9,lambda,1.1523078036465053,1.0907536853542479,1.22130185155949
LA4117A,shade,pseudohypo,high,7,lambda,1.2181113689168228,1.1520016905108985,1.2862524808363427
LA4117A,shade,pseudohypo,low,9,lambda,1.1555964450679217,1.09979488672101,1.2281880632888607
LA4117A,sun,amphi,high,9,lambda,1.3360512531301794,1.2687538392966466,1.4088798506521165
LA4117A,sun,amphi,low,7,lambda,1.2473533869551228,1.1775642907723711,1.3154162893105705
LA4117A,sun,pseudohypo,high,9,lambda,1.3591429734110416,1.2875719240689767,1.4352372657067025
LA4117A,sun,pseudohypo,low,7,lambda,1.2056978458487162,1.1453157718269849,1.2796540725941121
LA4126,shade,amphi,high,10,lambda,1.2142698000331231,1.1650905649025616,1.2653138550879786
LA4126,shade,amphi,low,10,lambda,1.208618167273526,1.1507455434240599,1.2701542904694694
LA4126,shade,pseudohypo,high,9,lambda,1.2103077087127911,1.1581756360604505,1.2627502335253986
LA4126,shade,pseudohypo,low,10,lambda,1.1919744370674634,1.1385983554246037,1.2476431340185465
LA4126,sun,amphi,high,11,lambda,1.3662513819508089,1.3102291451654875,1.4203957229948367
LA4126,sun,amphi,low,11,lambda,1.308172503174343,1.249506186817268,1.3767569018571701
LA4126,sun,pseudohypo,high,11,lambda,1.3488368358729423,1.293601760654495,1.409550636292091
LA4126,sun,pseudohypo,low,11,lambda,1.2405840450997156,1.1876707904240043,1.3028598335453425
LA0107,shade,amphi,high,8,tau,236.39516684385572,209.48668075653305,267.12078382862234
LA0107,shade,amphi,low,8,tau,160.3593717469428,144.27775972623638,183.57508493325614
LA0107,shade,pseudohypo,high,8,tau,226.74510248071886,202.19907359524788,255.20285890150745
LA0107,shade,pseudohypo,low,8,tau,162.0592490914498,143.51107006006484,183.11578093737776
LA0107,sun,amphi,high,9,tau,247.35082672578736,219.85635644415547,278.7153123692233
LA0107,sun,amphi,low,9,tau,157.46148119282626,141.80317436352007,179.23228928114347
LA0107,sun,pseudohypo,high,9,tau,224.052292327288,198.2997622135063,252.13148818644848
LA0107,sun,pseudohypo,low,9,tau,162.19509132949827,144.06788933328662,183.94862551955404
LA0407,shade,amphi,high,10,tau,161.39099722418766,142.88367461677572,180.98762875318866
LA0407,shade,amphi,low,10,tau,130.24696577908185,116.91108124494552,145.7743119278483
LA0407,shade,pseudohypo,high,10,tau,173.13889956242716,152.87336172271947,193.6078336612195
LA0407,shade,pseudohypo,low,10,tau,144.36268010081884,126.89301203524772,163.0483380829746
LA0407,sun,amphi,high,8,tau,168.87680312509227,149.7816898243138,190.10989510616443
LA0407,sun,amphi,low,8,tau,127.90766481816478,114.65866051183929,142.07498495664734
LA0407,sun,pseudohypo,high,8,tau,170.99175090202124,151.2155243110956,191.3277337436453
LA0407,sun,pseudohypo,low,8,tau,144.60643047249334,127.69947179194384,164.38276277425697
LA0429,shade,amphi,high,11,tau,153.19222341202615,141.9437276634826,165.87150098632426
LA0429,shade,amphi,low,11,tau,135.8393129823743,125.78833538781953,146.2156734046834
LA0429,shade,pseudohypo,high,11,tau,167.96019226123605,155.93457761114263,181.42255746187735
LA0429,shade,pseudohypo,low,11,tau,142.26196756822458,132.47451370122005,153.6508707398607
LA0429,sun,amphi,high,10,tau,160.47336818651075,149.08109192390233,174.24252818243193
LA0429,sun,amphi,low,10,tau,133.00173206073507,122.69318245999801,143.19540408027189
LA0429,sun,pseudohypo,high,10,tau,165.8779321730161,153.8915973517479,179.0484425323915
LA0429,sun,pseudohypo,low,10,tau,142.50124905948368,132.43819432812444,154.65309519126714
LA0436,shade,amphi,high,8,tau,152.06182932317145,140.1224287449293,164.29837778485705
LA0436,shade,amphi,low,8,tau,134.0585557888087,124.39981050099243,144.85452720317872
LA0436,shade,pseudohypo,high,8,tau,165.53790387009792,153.0828925569737,178.057195880579
LA0436,shade,pseudohypo,low,8,tau,140.6217475277983,130.67727251041248,151.4908565919872
LA0436,sun,amphi,high,10,tau,158.7808187834186,148.1781451953516,171.8293538330129
LA0436,sun,amphi,low,8,tau,131.4999244640785,121.8078114823069,141.26843155520177
LA0436,sun,pseudohypo,high,10,tau,163.52964869798703,151.50802464189914,175.8118634289089
LA0436,sun,pseudohypo,low,8,tau,141.29115854351122,130.67811312080696,153.17304344515597
LA0444,shade,amphi,high,9,tau,186.11893431223243,166.64777819472351,210.31481786913858
LA0444,shade,amphi,low,10,tau,128.03018481680436,112.17329014498148,142.6755688573775
LA0444,shade,pseudohypo,high,9,tau,180.01430770837223,159.0098744100869,201.97240092854605
LA0444,shade,pseudohypo,low,10,tau,138.78312668319995,123.7652678618574,156.71943728432765
LA0444,sun,amphi,high,10,tau,195.28541917629076,172.99493335437893,219.670114211714
LA0444,sun,amphi,low,9,tau,125.22763122482836,109.39308303304244,140.63357902529955
LA0444,sun,pseudohypo,high,10,tau,177.90013084162172,157.27610033024564,199.94678834035037
LA0444,sun,pseudohypo,low,9,tau,139.25338815978915,123.5111930567922,156.4820646676203
LA0716,shade,amphi,high,9,tau,259.31951758569085,233.00518965148586,290.4008826864755
LA0716,shade,amphi,low,10,tau,166.26520907341563,150.3721254973435,184.780240446499
LA0716,shade,pseudohypo,high,9,tau,295.27098709299804,264.2972808400204,332.3632329489856
LA0716,shade,pseudohypo,low,10,tau,204.26383845935655,183.12627950409492,229.3909032785721
LA0716,sun,amphi,high,10,tau,271.5202666365949,243.98572746830362,302.7098106878748
LA0716,sun,amphi,low,9,tau,163.37325550831844,147.23781351536542,181.0137626137048
LA0716,sun,pseudohypo,high,10,tau,292.59627885799154,262.5070303844532,328.62291481525034
LA0716,sun,pseudohypo,low,9,tau,204.95783027450372,183.28415650758294,228.27577584015367
LA0750,shade,amphi,high,9,tau,237.6269602221931,211.0670876735883,265.3439927366697
LA0750,shade,amphi,low,10,tau,165.9792308221956,150.05504949458026,184.01253809351144
LA0750,shade,pseudohypo,high,9,tau,276.59442594916493,248.14842452957305,308.76764203374
LA0750,shade,pseudohypo,low,10,tau,208.73692144337554,186.89395716063294,235.43040423204246
LA0750,sun,amphi,high,11,tau,248.34494122327627,222.98294996588356,277.9038396184085
LA0750,sun,amphi,low,9,tau,163.1089242643998,147.4353593480828,178.85134047593195
LA0750,sun,pseudohypo,high,11,tau,273.15552742598265,244.84283700497028,303.58005085004504
LA0750,sun,pseudohypo,low,9,tau,209.83794965107668,187.14429056159713,236.41845292288474
LA1028,shade,amphi,high,10,tau,321.2245784986146,289.63246664249044,360.89737440836933
LA1028,shade,amphi,low,10,tau,183.6909261382968,165.22396080303133,203.42296482794058
LA1028,shade,pseudohypo,high,10,tau,291.27459859245005,263.0598444419793,327.4193011469208
LA1028,shade,pseudohypo,low,10,tau,181.59447923195722,162.33241884495857,205.1669173894321
LA1028,sun,amphi,high,7,tau,337.6186087811662,302.62412035870295,377.92745567590254
LA1028,sun,amphi,low,7,tau,180.37387840575676,162.60396878863168,200.4881177002332
LA1028,sun,pseudohypo,high,7,tau,288.4169296026069,259.90783902775615,321.93963677845585
LA1028,sun,pseudohypo,low,7,tau,183.0371308079918,161.9773263022997,205.42102379782435
LA1044,shade,amphi,high,10,tau,156.8641838908891,145.18510601860294,170.0399971789361
LA1044,shade,amphi,low,10,tau,137.81957331971728,127.44433695234596,148.23165640156992
LA1044,shade,pseudohypo,high,10,tau,170.16468016338203,157.29371924426536,182.78037604390636
LA1044,shade,pseudohypo,low,10,tau,143.70772938755664,132.83741502403595,154.57820747308602
LA1044,sun,amphi,high,11,tau,164.05122514521315,152.46056041195405,177.7489044797604
LA1044,sun,amphi,low,11,tau,135.24413288398935,124.75496966722761,146.22137551333802
LA1044,sun,pseudohypo,high,11,tau,168.11533412330948,156.6879476860475,180.14315471035096
LA1044,sun,pseudohypo,low,11,tau,144.27557065967827,132.96194622194292,156.28157026449682
LA1269,shade,amphi,high,10,tau,149.22639316293873,135.80336834015282,165.00048330211206
LA1269,shade,amphi,low,9,tau,136.15591732742865,125.1939367150806,147.7718890201839
LA1269,shade,pseudohypo,high,10,tau,158.72378574942434,143.69340305184377,174.4963257514172
LA1269,shade,pseudohypo,low,9,tau,134.3985154138313,122.2253792629655,146.3516463973098
LA1269,sun,amphi,high,9,tau,156.95172814076824,141.46372535884902,171.98616254372982
LA1269,sun,amphi,low,6,tau,133.4600052482531,122.89523057128199,145.14696774357242
LA1269,sun,pseudohypo,high,9,tau,156.88413182052616,142.47741649322407,171.66460709177233
LA1269,sun,pseudohypo,low,6,tau,134.66587034555826,121.50255018654441,147.67920026260666
LA1316,shade,amphi,high,9,tau,289.2074574696405,261.18058196394577,318.0950993080037
LA1316,shade,amphi,low,10,tau,168.8326496406515,154.3831686261768,183.48286015826073
LA1316,shade,pseudohypo,high,9,tau,263.2546169152779,237.9318637692987,291.7620578779416
LA1316,shade,pseudohypo,low,10,tau,169.83884468516248,154.237164206102,187.0644249554379
LA1316,sun,amphi,high,10,tau,302.2971762484131,274.5651552007955,335.3418587915317
LA1316,sun,amphi,low,9,tau,165.29414739643641,150.42152511637372,181.265512515518
LA1316,sun,pseudohypo,high,10,tau,259.6780758260371,236.92234147919245,286.83898260488536
LA1316,sun,pseudohypo,low,9,tau,170.47081111304888,154.2432414652068,188.85648693734572
LA1322,shade,amphi,high,10,tau,238.5461398241698,216.3153525759687,261.9336092917052
LA1322,shade,amphi,low,8,tau,152.663926332827,138.00700861047304,166.5868958788823
LA1322,shade,pseudohypo,high,10,tau,234.00421493775818,214.06582656639966,255.4943079976734
LA1322,shade,pseudohypo,low,8,tau,144.57155813754343,130.43147903473667,158.55624755842013
LA1322,sun,amphi,high,10,tau,249.47660456090787,226.8145627276973,274.86251931599367
LA1322,sun,amphi,low,9,tau,149.47325223387557,135.04615827464917,164.02577398807944
LA1322,sun,pseudohypo,high,10,tau,231.52497796893095,210.38202751732956,254.60874292995848
LA1322,sun,pseudohypo,low,9,tau,144.8011775253939,130.93608817251757,159.50193288456515
LA1358,shade,amphi,high,8,tau,171.0448375453965,150.60958661772224,192.85018015009447
LA1358,shade,amphi,low,9,tau,135.73407490516823,121.85777128380334,152.1450334725018
LA1358,shade,pseudohypo,high,8,tau,191.73972530410612,171.20570610418204,216.05489558039028
LA1358,shade,pseudohypo,low,9,tau,146.8346390974131,129.93338811254287,166.89556483032666
LA1358,sun,amphi,high,10,tau,178.41212544906094,158.65025447810325,200.44780302220653
LA1358,sun,amphi,low,8,tau,132.91692918652117,118.60154595352975,149.0089309185713
LA1358,sun,pseudohypo,high,10,tau,189.84818595815926,169.19379557139524,212.76490197652782
LA1358,sun,pseudohypo,low,8,tau,147.47984582656164,130.37736256360768,167.8669843207109
LA1360,shade,amphi,high,10,tau,177.20372422123774,158.67026771681824,198.69688089988227
LA1360,shade,amphi,low,10,tau,135.07166858773547,120.1095391908938,149.45932216275176
LA1360,shade,pseudohypo,high,10,tau,185.07218904132733,165.5002347921834,205.75068009598434
LA1360,shade,pseudohypo,low,10,tau,147.2898412948966,130.68271226764887,164.61708267227087
LA1360,sun,amphi,high,10,tau,185.41905694166047,166.4386474724886,206.94261734673682
LA1360,sun,amphi,low,9,tau,132.47221429480464,118.41109005812763,146.75630835189313
LA1360,sun,pseudohypo,high,10,tau,182.1564607465562,164.46314326418144,203.57151253500317
LA1360,sun,pseudohypo,low,9,tau,147.14215657260792,130.27793813233572,166.3223673118178
LA1364,shade,amphi,high,10,tau,197.81130475352748,174.03963036771762,221.95391738991444
LA1364,shade,amphi,low,10,tau,138.64823519613995,124.41415898056162,155.38016197871949
LA1364,shade,pseudohypo,high,10,tau,197.78664416641857,176.73760325574045,221.94324501347452
LA1364,shade,pseudohypo,low,10,tau,139.7353120637458,124.1024484289721,158.5327260331651
LA1364,sun,amphi,high,8,tau,207.03701112742672,183.0384857224879,232.8838169141332
LA1364,sun,amphi,low,6,tau,135.93655676245794,121.18778775365313,152.8266496226167
LA1364,sun,pseudohypo,high,8,tau,195.1931893606769,174.66919591893333,219.7891405284506
LA1364,sun,pseudohypo,low,7,tau,140.21072590647964,124.56620918106074,159.70859723837896
LA1589,shade,amphi,high,10,tau,141.38636425892193,127.88585599053022,155.0938746508024
LA1589,shade,amphi,low,10,tau,132.51282656431133,121.01920976688886,143.4678190415475
LA1589,shade,pseudohypo,high,10,tau,143.365774767977,129.52167420325827,157.67682832322376
LA1589,shade,pseudohypo,low,10,tau,132.02680035890975,119.8948265425029,143.7224182896681
LA1589,sun,amphi,high,9,tau,147.7923288596971,133.87204105811455,161.56331673398583
LA1589,sun,amphi,low,6,tau,129.9666283498422,118.1834385600506,141.48048680065463
LA1589,sun,pseudohypo,high,9,tau,141.54538485052427,128.3574467490326,155.27666935825252
LA1589,sun,pseudohypo,low,6,tau,131.96335455024152,119.21663033106758,145.06417820373005
LA1777,shade,amphi,high,10,tau,151.95432769444955,133.98648216545908,170.5975028338935
LA1777,shade,amphi,low,9,tau,130.9267260394401,115.91757188832196,149.96893206089536
LA1777,shade,pseudohypo,high,10,tau,159.3354343446655,142.35444961394916,178.44872891656752
LA1777,shade,pseudohypo,low,9,tau,143.65899271037284,124.52810227276736,165.69789571739358
LA1777,sun,amphi,high,10,tau,159.28695881552198,140.5941113346341,177.52857505785278
LA1777,sun,amphi,low,9,tau,128.39331642034296,112.87838422133176,146.84497706775906
LA1777,sun,pseudohypo,high,10,tau,157.55346092259057,139.74482028527285,177.05783050722093
LA1777,sun,pseudohypo,low,7,tau,144.0731348426632,124.47217456430276,166.46953060421734
LA1782,shade,amphi,high,10,tau,180.3600309222047,160.23278241493745,201.7349426480342
LA1782,shade,amphi,low,10,tau,126.93032876180791,112.22376164121656,142.87144901245136
LA1782,shade,pseudohypo,high,10,tau,178.39404240544778,157.54781728539263,200.64001476819678
LA1782,shade,pseudohypo,low,10,tau,128.71967077532014,112.15291723145435,145.70365949069742
LA1782,sun,amphi,high,10,tau,188.4540474381718,168.2769986398276,210.8429727970661
LA1782,sun,amphi,low,8,tau,124.38117745807939,109.73138413167949,139.85394282593614
LA1782,sun,pseudohypo,high,10,tau,176.17800352780984,155.00614460206984,197.85653732298582
LA1782,sun,pseudohypo,low,8,tau,129.02146908116333,112.8831028491911,147.3008577585929
LA2133,shade,amphi,high,10,tau,216.4988840660652,196.057818583174,239.16003898004524
LA2133,shade,amphi,low,9,tau,145.06042431051083,131.87141945373372,160.38614557800747
LA2133,shade,pseudohypo,high,10,tau,217.06025764649416,198.55971606808058,237.5590145680857
LA2133,shade,pseudohypo,low,9,tau,139.1197565338096,125.18302964345277,153.73182584906138
LA2133,sun,amphi,high,11,tau,226.3293676933391,205.276365696069,250.44268195450448
LA2133,sun,amphi,low,8,tau,141.97587268559718,129.33825704291897,157.11663692070596
LA2133,sun,pseudohypo,high,11,tau,214.44491852529802,195.37272129768445,234.57055232397317
LA2133,sun,pseudohypo,low,8,tau,139.66121952791212,125.59698205363196,155.46942741333885
LA2172,shade,amphi,high,10,tau,225.33094529152027,203.81419744937833,247.90680642563834
LA2172,shade,amphi,low,10,tau,148.9991469408686,135.37658703463867,164.04985735742048
LA2172,shade,pseudohypo,high,10,tau,215.7737354315061,194.92703323513948,237.42890884803214
LA2172,shade,pseudohypo,low,10,tau,141.01430117389015,127.45776272876697,157.19062264023148
LA2172,sun,amphi,high,10,tau,235.34979139829034,213.77963910849564,260.0973943560636
LA2172,sun,amphi,low,10,tau,146.42226267963963,132.9503694633745,159.50024884174255
LA2172,sun,pseudohypo,high,10,tau,212.87025209259903,193.24864134692433,233.9189374415354
LA2172,sun,pseudohypo,low,10,tau,141.75410582583513,127.49489937993391,157.32024007937457
LA2744,shade,amphi,high,9,tau,233.03593799645085,205.60831646593917,263.48381883499843
LA2744,shade,amphi,low,10,tau,156.55152906694576,140.48430742350558,173.78864238795057
LA2744,shade,pseudohypo,high,9,tau,223.47519839584834,198.5598410614611,251.13665457106856
LA2744,shade,pseudohypo,low,10,tau,163.02708676934068,145.7462402107185,181.61797726179722
LA2744,sun,amphi,high,9,tau,244.19279164556443,215.91389616180103,276.419615810776
LA2744,sun,amphi,low,10,tau,153.75903920719793,137.81305236171514,170.86168697344146
LA2744,sun,pseudohypo,high,9,tau,220.25304028232082,195.75831116923953,249.27692403280963
LA2744,sun,pseudohypo,low,10,tau,163.60175802745508,146.48622024908215,182.83851615272596
LA2933,shade,amphi,high,10,tau,143.46406059258942,130.69988954153254,157.77548358580154
LA2933,shade,amphi,low,9,tau,124.1348072100697,112.2475846728758,135.2542723003042
LA2933,shade,pseudohypo,high,10,tau,153.15473190595404,139.76897430206364,166.8851966819804
LA2933,shade,pseudohypo,low,9,tau,132.56195035394484,120.38804460394618,144.79367239974448
LA2933,sun,amphi,high,10,tau,150.21906802180743,136.35330166092416,165.28825444941793
LA2933,sun,amphi,low,10,tau,121.84378698167087,110.03991964811996,132.60770562291145
LA2933,sun,pseudohypo,high,10,tau,150.89292851767456,138.2085987904577,165.34195169735742
LA2933,sun,pseudohypo,low,10,tau,132.854931542539,120.2205633387733,145.42743143953277
LA2951,shade,amphi,high,6,tau,245.9503693578175,219.3682279938605,273.58562864869316
LA2951,shade,amphi,low,9,tau,192.39133868719884,168.10935134125677,216.0253612745792
LA2951,shade,pseudohypo,high,6,tau,240.89572897220506,216.7196333584335,270.6645140649674
LA2951,shade,pseudohypo,low,9,tau,186.35172087094725,167.93306914075393,207.88998615265083
LA2951,sun,amphi,high,10,tau,256.9567468405952,229.74775512812914,287.13520574971625
LA2951,sun,amphi,low,9,tau,187.56459448450948,166.8080469639284,212.99356764421927
LA2951,sun,pseudohypo,high,10,tau,238.23156134661457,213.34744995277632,267.0373355206117
LA2951,sun,pseudohypo,low,9,tau,187.17730723308136,167.17617435750427,208.44883557511966
LA2964,shade,amphi,high,10,tau,260.54758957054617,232.05578758778694,290.6909981589826
LA2964,shade,amphi,low,10,tau,157.8833341853612,140.61077631660044,176.26373620139972
LA2964,shade,pseudohypo,high,10,tau,240.44919083332965,215.2950430177853,269.36970094536946
LA2964,shade,pseudohypo,low,10,tau,148.5636148735756,131.70535927188038,167.77892621678
LA2964,sun,amphi,high,10,tau,272.45755036731384,242.62337898189185,305.02019308442016
LA2964,sun,amphi,low,10,tau,154.300415920976,138.43707023675177,173.34673946285898
LA2964,sun,pseudohypo,high,10,tau,238.06536573296242,212.91912666951836,266.002538215578
LA2964,sun,pseudohypo,low,10,tau,148.8727622207963,132.99545618957583,167.63992029107627
LA3124,shade,amphi,high,10,tau,146.7433166130151,133.35681720920425,160.14706719106948
LA3124,shade,amphi,low,10,tau,129.23144317928893,118.61782940308669,140.16296526500506
LA3124,shade,pseudohypo,high,10,tau,158.31648621457032,144.32908172069202,173.93056241746808
LA3124,shade,pseudohypo,low,10,tau,137.9534624969514,127.34115509506103,149.48715364609671
LA3124,sun,amphi,high,8,tau,153.38323906139544,139.90301770752237,168.75050663844021
LA3124,sun,amphi,low,8,tau,126.80281660124571,116.15718193084662,137.23240349724665
LA3124,sun,pseudohypo,high,8,tau,156.42391333737805,142.60138824197148,172.32575789189076
LA3124,sun,pseudohypo,low,8,tau,138.62047599558178,127.6396591174074,150.00372408254023
LA3778,shade,amphi,high,9,tau,210.59894043197184,186.8216962502212,240.15171270527577
LA3778,shade,amphi,low,10,tau,141.15041996429056,126.68023066289878,158.82734802221356
LA3778,shade,pseudohypo,high,9,tau,215.56802586525305,194.466545462338,241.74227602150606
LA3778,shade,pseudohypo,low,10,tau,188.7555251464912,167.20600496197048,214.87866152096188
LA3778,sun,amphi,high,9,tau,221.28861694010178,195.61927346625396,251.4185398482248
LA3778,sun,amphi,low,8,tau,138.3235803011545,124.43869131751441,155.63672251037028
LA3778,sun,pseudohypo,high,9,tau,213.63423490164118,191.2193467443948,239.2585394961576
LA3778,sun,pseudohypo,low,8,tau,189.3121153103,166.96532573846414,214.17100846090992
LA4116,shade,amphi,high,8,tau,227.4769402010662,199.3568541052637,259.83189637330054
LA4116,shade,amphi,low,8,tau,156.6214089093014,135.1049545839465,177.98771561292227
LA4116,shade,pseudohypo,high,7,tau,217.33739679646314,188.7033499501661,249.17446848075966
LA4116,shade,pseudohypo,low,8,tau,178.81061339318083,155.864952925236,203.03403004862415
LA4116,sun,amphi,high,9,tau,238.83014132325275,209.7793591412338,271.8312483136187
LA4116,sun,amphi,low,7,tau,153.58694738645895,131.61355338685468,175.111982043867
LA4116,sun,pseudohypo,high,8,tau,214.7056249163797,186.54847871106918,245.6934334794181
LA4116,sun,pseudohypo,low,7,tau,179.25297450281286,156.30592115043083,205.51205336284158
LA4117A,shade,amphi,high,8,tau,218.70517610354065,191.92911593065617,250.08580223011563
LA4117A,shade,amphi,low,9,tau,150.06268172857796,134.3338531669175,167.5928674480725
LA4117A,shade,pseudohypo,high,7,tau,209.00016772992188,183.58308028878702,234.59259902177737
LA4117A,shade,pseudohypo,low,9,tau,162.95588988798565,144.63507929438308,184.32076485447163
LA4117A,sun,amphi,high,9,tau,229.41146920960583,202.27284478270386,261.73200817187103
LA4117A,sun,amphi,low,7,tau,147.00663054355914,131.46579424225143,164.45086728115274
LA4117A,sun,pseudohypo,high,9,tau,206.52599625864588,181.70367114165694,232.47276944149368
LA4117A,sun,pseudohypo,low,7,tau,163.34224578851138,144.18065189246587,185.8663422044903
LA4126,shade,amphi,high,10,tau,243.74552238337506,219.2134038927312,271.0062058681567
LA4126,shade,amphi,low,10,tau,181.30906744570578,162.07971594688453,201.77233170258248
LA4126,shade,pseudohypo,high,9,tau,249.08274275846182,223.61380878155538,276.1035215437432
LA4126,shade,pseudohypo,low,10,tau,180.71807540373854,163.34690444929862,200.36802797704988
LA4126,sun,amphi,high,11,tau,255.58508251938454,229.5945435644908,283.19691903593855
LA4126,sun,amphi,low,11,tau,177.6253813138114,159.52700523317296,197.26848628685892
LA4126,sun,pseudohypo,high,11,tau,246.19459443050619,221.04749991935105,272.3880392155492
LA4126,sun,pseudohypo,low,11,tau,181.63953241750997,162.47622047934775,201.2262946939048
