accession,lighttreatment,lightintensity,leaftype,n_plant,trait,estimate,lowerCI,upperCI
LA0107,shade,low,amphi,8,tau,167.4559204291936,149.84250178465444,186.7965847604391
LA0107,shade,low,amphi,8,lambda,1.1426435760931482,1.0939403635753182,1.1927662146991658
LA0107,shade,low,amphi,8,gcl,19.26086883010733,18.7569019103242,19.77677610076006
LA0107,shade,low,amphi,8,fgmax,0.07498820661485364,0.06356657016851049,0.08850793861531245
LA0107,shade,high,amphi,8,tau,231.6281491398149,206.7889241060824,258.7836440425357
LA0107,shade,high,amphi,8,lambda,1.2632647504611771,1.2072394658901024,1.3193238714044766
LA0107,shade,high,amphi,8,gcl,19.26086883010733,18.7569019103242,19.77677610076006
LA0107,shade,high,amphi,8,fgmax,0.15881214443608851,0.13667287129821448,0.1839240702827799
LA0107,shade,low,pseudohypo,8,tau,169.57148442863726,151.5577077218433,189.59701323024072
LA0107,shade,low,pseudohypo,8,lambda,1.1195079857670027,1.0705182735690146,1.1690598861169044
LA0107,shade,low,pseudohypo,8,gcl,18.137254822372707,17.661307244524316,18.621281504636777
LA0107,shade,low,pseudohypo,8,fgmax,0.09093959366188653,0.07725696805227046,0.1067188866476293
LA0107,shade,high,pseudohypo,8,tau,234.7886346367666,209.5642168583689,262.25199510311523
LA0107,shade,high,pseudohypo,8,lambda,1.237080302150553,1.1826899152460761,1.2918271772735999
LA0107,shade,high,pseudohypo,8,gcl,18.137254822372707,17.661307244524316,18.621281504636777
LA0107,shade,high,pseudohypo,8,fgmax,0.18864925934959217,0.16312243679163058,0.21799747281573495
LA0107,sun,low,amphi,9,tau,167.63717036101042,149.99571434015297,187.017013289829
LA0107,sun,low,amphi,9,lambda,1.2438466650897386,1.1926178621385448,1.2989096457797673
LA0107,sun,low,amphi,9,gcl,21.588023654925877,21.008655356558332,22.15911344097376
LA0107,sun,low,amphi,9,fgmax,0.057771891390818696,0.048859418039392186,0.06818494387890199
LA0107,sun,high,amphi,9,tau,231.78820604009778,207.18346159662374,258.2833221953355
LA0107,sun,high,amphi,9,lambda,1.375192693921414,1.317290272794626,1.4365232222911972
LA0107,sun,high,amphi,9,gcl,21.588023654925877,21.008655356558332,22.15911344097376
LA0107,sun,high,amphi,9,fgmax,0.12488126635667998,0.1071436808549156,0.14550228858920727
LA0107,sun,low,pseudohypo,9,tau,169.68018491385,151.67521314318873,189.7257817905711
LA0107,sun,low,pseudohypo,9,lambda,1.2186596505538096,1.1678107428946203,1.272399614911697
LA0107,sun,low,pseudohypo,9,gcl,20.33074421074977,19.785661942239514,20.857230539649816
LA0107,sun,low,pseudohypo,9,fgmax,0.07022078977972794,0.05960783758874222,0.0825532857637729
LA0107,sun,high,pseudohypo,9,tau,234.88696385645642,210.04043935141212,261.85559700180784
LA0107,sun,high,pseudohypo,9,lambda,1.347236958985809,1.2898938002091684,1.4078796808890992
LA0107,sun,high,pseudohypo,9,gcl,20.33074421074977,19.785661942239514,20.857230539649816
LA0107,sun,high,pseudohypo,9,fgmax,0.14963474998819,0.12872706210878743,0.17329662974265103
LA0407,sun,low,amphi,7,tau,126.59144817818829,113.01509712535596,141.49772980678136
LA0407,sun,low,amphi,7,lambda,1.2116029104483923,1.1598507017401731,1.265503883223332
LA0407,sun,low,amphi,7,gcl,18.445322568083373,18.001033843832214,18.913974762720116
LA0407,sun,low,amphi,7,fgmax,0.03965152926515338,0.03301720451596416,0.047380955031913384
LA0407,sun,high,amphi,7,tau,174.9936868301466,156.45445049877486,195.40473420210614
LA0407,sun,high,amphi,7,lambda,1.338882143206376,1.2826533904837063,1.3986462386300258
LA0407,sun,high,amphi,7,gcl,18.445322568083373,18.001033843832214,18.913974762720116
LA0407,sun,high,amphi,7,fgmax,0.0877890741488133,0.0737364324031449,0.10373219745210949
LA0407,sun,low,pseudohypo,7,tau,128.33017102949958,114.63941149121514,143.22742641654133
LA0407,sun,low,pseudohypo,7,lambda,1.186664396851557,1.1355650413957614,1.2395550368138832
LA0407,sun,low,pseudohypo,7,gcl,17.37225584327875,16.952279220963142,17.813369644153074
LA0407,sun,low,pseudohypo,7,fgmax,0.04843787611682312,0.04031911529988044,0.057950632812156504
LA0407,sun,high,pseudohypo,7,tau,177.38788548854808,158.4129572927135,197.84112106099997
LA0407,sun,high,pseudohypo,7,lambda,1.3120079917284748,1.257116822943816,1.3707063410419795
LA0407,sun,high,pseudohypo,7,gcl,17.37225584327875,16.952279220963142,17.813369644153074
LA0407,sun,high,pseudohypo,7,fgmax,0.10603169240972912,0.08924688224055963,0.12503305364694084
LA0407,shade,low,amphi,10,tau,126.41354874429832,113.09619040756945,140.86715923766207
LA0407,shade,low,amphi,10,lambda,1.112614018559898,1.064867787847641,1.1603528410607045
LA0407,shade,low,amphi,10,gcl,16.461161778763085,16.06255043824965,16.876254329782743
LA0407,shade,low,amphi,10,fgmax,0.05176997339076823,0.04323316501098763,0.06177545265350199
LA0407,shade,high,amphi,10,tau,174.82170237928833,156.23941899999488,194.57054626289855
LA0407,shade,high,amphi,10,lambda,1.2294125553486537,1.1780569165175467,1.2825665702630067
LA0407,shade,high,amphi,10,gcl,16.461161778763085,16.06255043824965,16.876254329782743
LA0407,shade,high,amphi,10,fgmax,0.11280658857908174,0.09521890139866884,0.13307915523579872
LA0407,shade,low,pseudohypo,10,tau,128.0247998738363,114.5206345273433,142.8017486172688
LA0407,shade,low,pseudohypo,10,lambda,1.089549641291625,1.0436270036398476,1.137549340609568
LA0407,shade,low,pseudohypo,10,gcl,15.502658742662746,15.135933930981667,15.891254058908713
LA0407,shade,low,pseudohypo,10,fgmax,0.06306432423754317,0.0528405770858974,0.07521453290838606
LA0407,shade,high,pseudohypo,10,tau,177.0626720787258,158.34563168538088,197.11033577840442
LA0407,shade,high,pseudohypo,10,lambda,1.2041368600786146,1.1548579446484197,1.257269600489753
LA0407,shade,high,pseudohypo,10,gcl,15.502658742662746,15.135933930981667,15.891254058908713
LA0407,shade,high,pseudohypo,10,fgmax,0.13549926803093185,0.1145734525106132,0.15893558099076968
LA0429,shade,low,amphi,10,tau,123.68750380192202,113.78447029742674,136.19229726342277
LA0429,shade,low,amphi,10,lambda,1.0808055833619572,1.0400195893767914,1.1203041018615578
LA0429,shade,low,amphi,10,gcl,17.339117089578043,16.95635657417955,17.73461398196383
LA0429,shade,low,amphi,10,fgmax,0.06303640072520722,0.0539632248599245,0.07322190206895268
LA0429,shade,high,amphi,10,tau,171.04286956872676,157.42400727156365,188.46119114561614
LA0429,shade,high,amphi,10,lambda,1.194871605003282,1.149339942230103,1.2380306816633644
LA0429,shade,high,amphi,10,gcl,17.339117089578043,16.95635657417955,17.73461398196383
LA0429,shade,high,amphi,10,fgmax,0.13544279132021958,0.11752076436849676,0.15549100224531387
LA0429,shade,low,pseudohypo,10,tau,125.36058212083435,115.22515591967388,137.93486058521594
LA0429,shade,low,pseudohypo,10,lambda,1.0586147519245004,1.0186627571513438,1.0970898867868437
LA0429,shade,low,pseudohypo,10,gcl,16.324223966105336,15.965074297423419,16.69874751435977
LA0429,shade,low,pseudohypo,10,fgmax,0.0764939725381157,0.06568695688925393,0.0885620493981297
LA0429,shade,high,pseudohypo,10,tau,173.3430319980832,159.1899808184205,190.75287230215875
LA0429,shade,high,pseudohypo,10,lambda,1.1703293952660132,1.1251691759412612,1.2127361759981707
LA0429,shade,high,pseudohypo,10,gcl,16.324223966105336,15.965074297423419,16.69874751435977
LA0429,shade,high,pseudohypo,10,fgmax,0.16189897588380722,0.1406769997216903,0.18454703360801833
LA0429,sun,low,amphi,10,tau,123.95030543852121,113.7932715984197,136.58359786860902
LA0429,sun,low,amphi,10,lambda,1.1772678500948333,1.1344683240916453,1.2196273719305366
LA0429,sun,low,amphi,10,gcl,19.43011958445295,19.001624708798897,19.8673187937705
LA0429,sun,low,amphi,10,fgmax,0.048497126450834906,0.04151691294402538,0.05629795453961142
LA0429,sun,high,amphi,10,tau,171.30418256697513,157.74580692653947,188.94859860179074
LA0429,sun,high,amphi,10,lambda,1.3012193264246714,1.2520872279289503,1.346262683306365
LA0429,sun,high,amphi,10,gcl,19.43011958445295,19.001624708798897,19.8673187937705
LA0429,sun,high,amphi,10,fgmax,0.10603561517313266,0.09160173583038415,0.12198735991736671
LA0429,sun,low,pseudohypo,10,tau,125.50055242203958,115.22293087044544,138.33869817094148
LA0429,sun,low,pseudohypo,10,lambda,1.1535180174403161,1.1112239464344342,1.193884582785874
LA0429,sun,low,pseudohypo,10,gcl,18.294741701649095,17.884847599685173,18.714584418643135
LA0429,sun,low,pseudohypo,10,fgmax,0.05910193277431909,0.050696665621102144,0.06859130598154825
LA0429,sun,high,pseudohypo,10,tau,173.5681173563121,159.71913386543622,191.29002339097207
LA0429,sun,high,pseudohypo,10,lambda,1.274632058207699,1.2270415998899018,1.3184328155266114
LA0429,sun,high,pseudohypo,10,gcl,18.294741701649095,17.884847599685173,18.714584418643135
LA0429,sun,high,pseudohypo,10,fgmax,0.12765190873842905,0.11063013671742139,0.14635173579730618
LA0436,shade,low,amphi,8,tau,117.2506017988321,106.77785184721576,128.05625281612532
LA0436,shade,low,amphi,8,lambda,1.090359471137496,1.0496005351486177,1.138613189999611
LA0436,shade,low,amphi,8,gcl,17.596262068215573,17.18475274310865,17.98729234785977
LA0436,shade,low,amphi,8,fgmax,0.05609523990899758,0.0469509363269516,0.06681438437373238
LA0436,shade,high,amphi,8,tau,162.05305696168094,147.7716312218528,177.55281750457394
LA0436,shade,high,amphi,8,lambda,1.2051698664292656,1.160550330715808,1.2581081665237792
LA0436,shade,high,amphi,8,gcl,17.596262068215573,17.18475274310865,17.98729234785977
LA0436,shade,high,amphi,8,fgmax,0.12153492174768349,0.10307920955090712,0.14248317878020164
LA0436,shade,low,pseudohypo,8,tau,118.75834744311489,108.23553096323015,129.79600490347974
LA0436,shade,low,pseudohypo,8,lambda,1.068097208135282,1.0284916101036579,1.1153742390791492
LA0436,shade,low,pseudohypo,8,gcl,16.56836439905375,16.17564782023496,16.94618046397714
LA0436,shade,low,pseudohypo,8,fgmax,0.06824821177155177,0.057382666334032356,0.08084491511906236
LA0436,shade,high,pseudohypo,8,tau,164.17025789003404,149.700367865187,179.63956282188718
LA0436,shade,high,pseudohypo,8,lambda,1.180526953156396,1.1364680957211677,1.233124908837381
LA0436,shade,high,pseudohypo,8,gcl,16.56836439905375,16.17564782023496,16.94618046397714
LA0436,shade,high,pseudohypo,8,fgmax,0.14566890746083824,0.12421393608246374,0.16988288863055434
LA0436,sun,low,amphi,8,tau,117.39598531739489,107.10660097106451,128.19976424095438
LA0436,sun,low,amphi,8,lambda,1.18722496833474,1.1437558389032485,1.2404063167293629
LA0436,sun,low,amphi,8,gcl,19.718277874859066,19.263222001960212,20.16366708663164
LA0436,sun,low,amphi,8,fgmax,0.04308540093380996,0.03609246249842268,0.05127180705877992
LA0436,sun,high,amphi,10,tau,162.39831071492426,147.8313763489322,177.57004984723383
LA0436,sun,high,amphi,10,lambda,1.312743286891752,1.2649930641455167,1.3696591997607885
LA0436,sun,high,amphi,10,gcl,19.718277874859066,19.263222001960212,20.16366708663164
LA0436,sun,high,amphi,10,fgmax,0.09492059218195509,0.08027149214147644,0.11143688433709416
LA0436,sun,low,pseudohypo,8,tau,118.93534865358528,108.45547847699665,129.9401259285208
LA0436,sun,low,pseudohypo,8,lambda,1.1633220635123898,1.1205323857519267,1.2150058290512369
LA0436,sun,low,pseudohypo,8,gcl,18.5719772370996,18.124312343009812,18.988647518501026
LA0436,sun,low,pseudohypo,8,fgmax,0.05263267306373477,0.04399732073702085,0.06225634575351938
LA0436,sun,high,pseudohypo,10,tau,164.52107584534156,149.90744654288585,179.5257294650902
LA0436,sun,high,pseudohypo,10,lambda,1.2859068784278584,1.2394068760774617,1.3416950391790865
LA0436,sun,high,pseudohypo,10,gcl,18.5719772370996,18.124312343009812,18.988647518501026
LA0436,sun,high,pseudohypo,10,fgmax,0.11442524877083744,0.09711047929941359,0.13383431098884355
LA0444,shade,low,amphi,10,tau,123.68517890395631,111.45603978155626,137.92123331061805
LA0444,shade,low,amphi,10,lambda,1.0651443827233507,1.0184004901242194,1.1118324048135941
LA0444,shade,low,amphi,10,gcl,18.453410720477393,18.003031356743815,18.923533651037626
LA0444,shade,low,amphi,10,fgmax,0.06561939893527706,0.05539591690010672,0.07718234055299814
LA0444,shade,high,amphi,9,tau,171.01556205395195,154.4568513471808,190.39679749318864
LA0444,shade,high,amphi,9,lambda,1.1770779647264933,1.1261014256786002,1.2283113304664257
LA0444,shade,high,amphi,9,gcl,18.453410720477393,18.003031356743815,18.923533651037626
LA0444,shade,high,amphi,9,fgmax,0.1404297024184549,0.1199675240782152,0.1626626231809211
LA0444,shade,low,pseudohypo,10,tau,125.43199982268597,112.7592530069109,139.47296683310327
LA0444,shade,low,pseudohypo,10,lambda,1.0432221466976936,0.9984196579739494,1.0883866542751754
LA0444,shade,low,pseudohypo,10,gcl,17.37539199396316,16.947301631978675,17.813438873588453
LA0444,shade,low,pseudohypo,10,fgmax,0.0796580895778432,0.06741232590175833,0.09323915299600068
LA0444,shade,high,pseudohypo,9,tau,173.23269712936536,156.3872204351744,192.86226887889424
LA0444,shade,high,pseudohypo,9,lambda,1.1529475706228238,1.1043489004386056,1.2035511153800895
LA0444,shade,high,pseudohypo,9,gcl,17.37539199396316,16.947301631978675,17.813438873588453
LA0444,shade,high,pseudohypo,9,fgmax,0.16756540667986694,0.14428100189110965,0.19328651687529189
LA0444,sun,low,amphi,9,tau,123.89687698816277,111.36145549780154,137.8673081166153
LA0444,sun,low,amphi,9,lambda,1.1600420286924766,1.1100237963984676,1.2086613071301846
LA0444,sun,low,amphi,9,gcl,20.676762651761678,20.173312353036327,21.19465864324067
LA0444,sun,low,amphi,9,fgmax,0.050451281294396126,0.04267611085624327,0.059293635746414615
LA0444,sun,high,amphi,10,tau,171.32758475791996,154.31552996219105,190.3968472379764
LA0444,sun,high,amphi,10,lambda,1.2821962994406046,1.2282606038325876,1.3356446322375872
LA0444,sun,high,amphi,10,gcl,20.676762651761678,20.173312353036327,21.19465864324067
LA0444,sun,high,amphi,10,fgmax,0.11012415841685554,0.09375114337472527,0.12837980888901568
LA0444,sun,low,pseudohypo,9,tau,125.59034446187738,112.89703188712379,140.04304696731575
LA0444,sun,low,pseudohypo,9,lambda,1.1364299815719299,1.0879143015357056,1.1845670377536606
LA0444,sun,low,pseudohypo,9,gcl,19.474684007897192,19.00381283704071,19.968455652753963
LA0444,sun,low,pseudohypo,9,fgmax,0.06148036024827085,0.05218588912866167,0.07207357496844764
LA0444,sun,high,pseudohypo,10,tau,173.6243965287772,156.37116609424444,193.14102611551854
LA0444,sun,high,pseudohypo,10,lambda,1.2559346753158172,1.2030718742178292,1.3089176474478914
LA0444,sun,high,pseudohypo,10,gcl,19.474684007897192,19.00381283704071,19.968455652753963
LA0444,sun,high,pseudohypo,10,fgmax,0.13236648801372275,0.1131789942482506,0.1533016131691709
LA0716,shade,low,amphi,10,tau,192.47770191698683,173.25061221049893,212.52413051372318
LA0716,shade,low,amphi,10,lambda,1.1120457348721429,1.0692057547618126,1.1568512121884056
LA0716,shade,low,amphi,10,gcl,21.314778815026564,20.861821451693572,21.76750003982073
LA0716,shade,low,amphi,10,fgmax,0.06788732300593317,0.05773462072680226,0.07917055731718148
LA0716,shade,high,amphi,9,tau,266.1672623115935,240.0913660583716,294.43544954134677
LA0716,shade,high,amphi,9,lambda,1.2291791310550544,1.1813431459660377,1.2787099179498846
LA0716,shade,high,amphi,9,gcl,21.314778815026564,20.861821451693572,21.76750003982073
LA0716,shade,high,amphi,9,fgmax,0.14514902251720277,0.12519575382134593,0.16683333574127848
LA0716,shade,low,pseudohypo,10,tau,195.1309846028027,175.64648298901767,215.60633512699752
LA0716,shade,low,pseudohypo,10,lambda,1.0896833995566984,1.0476155674448466,1.1332327772948307
LA0716,shade,low,pseudohypo,10,gcl,20.065892466525487,19.6463542209136,20.5098936408655
LA0716,shade,low,pseudohypo,10,fgmax,0.08246034549833643,0.07011426944077924,0.09594873599868883
LA0716,shade,high,pseudohypo,9,tau,269.9121985159874,243.2852303870168,298.3015832905937
LA0716,shade,high,pseudohypo,9,lambda,1.2042972737426696,1.1573955468142703,1.2525155766137506
LA0716,shade,high,pseudohypo,9,gcl,20.065892466525487,19.6463542209136,20.5098936408655
LA0716,shade,high,pseudohypo,9,fgmax,0.1731277001531617,0.14982381909396317,0.19807243194079735
LA0716,sun,low,amphi,9,tau,192.72273306352858,174.15782809826308,213.13947101650908
LA0716,sun,low,amphi,9,lambda,1.2110074874742125,1.164669005660118,1.2593183482595325
LA0716,sun,low,amphi,9,gcl,23.884265366214716,23.372356713672403,24.401042057821677
LA0716,sun,low,amphi,9,fgmax,0.0521893898907532,0.044205077768274655,0.061286387545455005
LA0716,sun,high,amphi,10,tau,266.59130564173233,240.8945458005272,294.5992823703659
LA0716,sun,high,amphi,10,lambda,1.3387506447612125,1.2871981529908534,1.3916999556780019
LA0716,sun,high,amphi,10,gcl,23.884265366214716,23.372356713672403,24.401042057821677
LA0716,sun,high,amphi,10,fgmax,0.11365645987445593,0.09720069955386504,0.13203322930220665
LA0716,sun,low,pseudohypo,9,tau,195.18164267091967,176.35640402426426,215.94865996426373
LA0716,sun,low,pseudohypo,9,lambda,1.186238868364285,1.1399095893102462,1.2342009658217086
LA0716,sun,low,pseudohypo,9,gcl,22.48585738462597,22.01784179837686,22.978226541421556
LA0716,sun,low,pseudohypo,9,fgmax,0.06357323515724084,0.054039307512370904,0.07440069684363354
LA0716,sun,high,pseudohypo,10,tau,269.99599970161375,243.81598545834538,298.21674772497516
LA0716,sun,high,pseudohypo,10,lambda,1.3117579890347335,1.2612384700685515,1.3644121263964692
LA0716,sun,high,pseudohypo,10,gcl,22.48585738462597,22.01784179837686,22.978226541421556
LA0716,sun,high,pseudohypo,10,fgmax,0.13653212703146278,0.11725806139642084,0.15787831178625625
LA0750,shade,low,amphi,10,tau,182.2217478983963,165.1815540966054,200.87948149312584
LA0750,shade,low,amphi,10,lambda,1.1184476523351172,1.0775413351179615,1.1630549571040845
LA0750,shade,low,amphi,10,gcl,21.319131104100624,20.861052148139525,21.78167682714371
LA0750,shade,low,amphi,10,fgmax,0.0707051640606822,0.06060932446023097,0.08254887622205123
LA0750,shade,high,amphi,9,tau,252.1114119145431,227.73590113531552,277.78692718336043
LA0750,shade,high,amphi,9,lambda,1.2363474516751014,1.192582667946332,1.286473733092856
LA0750,shade,high,amphi,9,gcl,21.319131104100624,20.861052148139525,21.78167682714371
LA0750,shade,high,amphi,9,fgmax,0.15067627639630576,0.1309284848568921,0.17328563300553498
LA0750,shade,low,pseudohypo,10,tau,184.71006029642754,166.75690282891384,203.87675557818963
LA0750,shade,low,pseudohypo,10,lambda,1.0955644673707432,1.0560833921766581,1.1390317983568445
LA0750,shade,low,pseudohypo,10,gcl,20.07349401929397,19.652111989743737,20.505879857791616
LA0750,shade,low,pseudohypo,10,fgmax,0.0858011123333652,0.07376746601386246,0.09964265160939444
LA0750,shade,high,pseudohypo,9,tau,255.3530398211296,230.60856613123187,282.10871493388225
LA0750,shade,high,pseudohypo,9,lambda,1.2109097253960912,1.1679423742804442,1.2594866766134392
LA0750,shade,high,pseudohypo,9,gcl,20.07349401929397,19.652111989743737,20.505879857791616
LA0750,shade,high,pseudohypo,9,fgmax,0.1793328356073215,0.15671652782678158,0.20546780238402682
LA0750,sun,high,amphi,11,tau,252.37223647005442,228.88638900323562,277.8269008951549
LA0750,sun,high,amphi,11,lambda,1.3464775438207326,1.2971347225940046,1.40041889581238
LA0750,sun,high,amphi,11,gcl,23.891207178158158,23.36593658721649,24.410527368432636
LA0750,sun,high,amphi,11,fgmax,0.11835137456201021,0.10212430994217837,0.135619060871836
LA0750,sun,high,pseudohypo,11,tau,255.75981852891664,231.22639965034935,281.9047805495498
LA0750,sun,high,pseudohypo,11,lambda,1.3191108472880915,1.2708276039835613,1.3727378005405018
LA0750,sun,high,pseudohypo,11,gcl,22.49266634819187,21.99653846376409,22.986060261404806
LA0750,sun,high,pseudohypo,11,fgmax,0.14195098700215675,0.12331050215901888,0.1626403158345815
LA0750,sun,low,amphi,9,tau,182.450409471881,165.61186058246923,201.04434476949385
LA0750,sun,low,amphi,9,lambda,1.2185239427079724,1.1731875569396888,1.2687611321993046
LA0750,sun,low,amphi,9,gcl,23.891207178158158,23.36593658721649,24.410527368432636
LA0750,sun,low,amphi,9,fgmax,0.05450399159503862,0.046657544528816146,0.06329107419530046
LA0750,sun,low,pseudohypo,9,tau,185.0106106135659,167.36334195284573,203.94118114623691
LA0750,sun,low,pseudohypo,9,lambda,1.1936994684863687,1.1501027394675956,1.2428129526481246
LA0750,sun,low,pseudohypo,9,gcl,22.49266634819187,21.99653846376409,22.986060261404806
LA0750,sun,low,pseudohypo,9,fgmax,0.06633982299344526,0.05692476412533825,0.07679845463419091
LA1028,shade,low,amphi,10,tau,206.34800229761865,186.36805820727395,230.21772579387581
LA1028,shade,low,amphi,10,lambda,1.250341011245469,1.2006413433671943,1.3074503208719845
LA1028,shade,low,amphi,10,gcl,23.25976495678211,22.732337736723117,23.841298403544315
LA1028,shade,low,amphi,10,fgmax,0.07482410048424011,0.0635365996503722,0.08852928158356337
LA1028,shade,high,amphi,10,tau,285.46666797200186,257.4327276767357,318.40795745226944
LA1028,shade,high,amphi,10,lambda,1.3825496487342548,1.3261576083781739,1.4433027115584753
LA1028,shade,high,amphi,10,gcl,23.25976495678211,22.732337736723117,23.841298403544315
LA1028,shade,high,amphi,10,fgmax,0.15855114543451443,0.1363945609325912,0.18438261785851548
LA1028,shade,low,pseudohypo,10,tau,208.9516331764962,189.18695626344908,233.0111785829795
LA1028,shade,low,pseudohypo,10,lambda,1.2250078110953309,1.175868393495046,1.2806489373531535
LA1028,shade,low,pseudohypo,10,gcl,21.905347583283458,21.40077290539217,22.468343285123925
LA1028,shade,low,pseudohypo,10,fgmax,0.09066056365600576,0.07725352162250465,0.10683005674033186
LA1028,shade,high,pseudohypo,10,tau,289.2794283460989,261.19827340063705,322.2005189691829
LA1028,shade,high,pseudohypo,10,lambda,1.3544226513141255,1.2999225796224478,1.4148464483120802
LA1028,shade,high,pseudohypo,10,gcl,21.905347583283458,21.40077290539217,22.468343285123925
LA1028,shade,high,pseudohypo,10,fgmax,0.1885394011623605,0.16303063856564798,0.21759290912069848
LA1028,sun,low,amphi,7,tau,206.74179905363616,186.9956323449883,231.68178115279494
LA1028,sun,low,amphi,7,lambda,1.3620305596004043,1.3075009217687592,1.4251941385995948
LA1028,sun,low,amphi,7,gcl,26.065444601793235,25.462114518417263,26.71942110829412
LA1028,sun,low,amphi,7,fgmax,0.05772945894769434,0.04884875935694618,0.06856713841933187
LA1028,sun,high,amphi,7,tau,285.7198883162822,258.2765410292875,319.8009925942928
LA1028,sun,high,amphi,7,lambda,1.505506531887309,1.4438065686366446,1.5746053708357992
LA1028,sun,high,amphi,7,gcl,26.065444601793235,25.462114518417263,26.71942110829412
LA1028,sun,high,amphi,7,fgmax,0.12495584270854337,0.10660314560870393,0.14633208955714372
LA1028,sun,low,pseudohypo,7,tau,209.29479092226026,189.26180033108642,234.40812603360757
LA1028,sun,low,pseudohypo,7,lambda,1.3343542475404448,1.2808979743777449,1.3952324506186975
LA1028,sun,low,pseudohypo,7,gcl,24.55315934046538,23.965573693340417,25.170293058602915
LA1028,sun,low,pseudohypo,7,fgmax,0.07018621807948074,0.059585926564826454,0.08311346276454634
LA1028,sun,high,pseudohypo,7,tau,289.6138400658389,261.70208869211183,324.02143632192144
LA1028,sun,high,pseudohypo,7,lambda,1.4747694997317895,1.4149364820772865,1.541774669740513
LA1028,sun,high,pseudohypo,7,gcl,24.55315934046538,23.965573693340417,25.170293058602915
LA1028,sun,high,pseudohypo,7,fgmax,0.14957475001580356,0.12830926350161223,0.1740084676917628
LA1044,shade,low,amphi,10,tau,132.20899499086488,121.19549054172833,145.2469909055346
LA1044,shade,low,amphi,10,lambda,1.1126156117684396,1.0677153568905182,1.154774402117248
LA1044,shade,low,amphi,10,gcl,18.665802261030088,18.253614806884165,19.070238629412174
LA1044,shade,low,amphi,10,fgmax,0.08775263751881048,0.0734781993158118,0.10412386534175251
LA1044,shade,high,amphi,10,tau,182.86547259478945,167.6529679226084,200.34480460151406
LA1044,shade,high,amphi,10,lambda,1.2296833513052856,1.1800540394806702,1.2755754850326382
LA1044,shade,high,amphi,10,gcl,18.665802261030088,18.253614806884165,19.070238629412174
LA1044,shade,high,amphi,10,fgmax,0.1829308630967134,0.1560899473351475,0.21225905843958523
LA1044,shade,low,pseudohypo,10,tau,133.99191285849142,122.65557636534606,146.95139531965864
LA1044,shade,low,pseudohypo,10,lambda,1.089804819287679,1.0460690396834869,1.131124853021266
LA1044,shade,low,pseudohypo,10,gcl,17.57466721179576,17.18392702225957,17.95917839685322
LA1044,shade,low,pseudohypo,10,fgmax,0.10594907528374545,0.0891352756663795,0.1250012779108677
LA1044,shade,high,pseudohypo,10,tau,185.2961821164459,169.5736869226193,203.17784305141262
LA1044,shade,high,pseudohypo,10,lambda,1.2047647910199348,1.1559689561592335,1.2489446249637384
LA1044,shade,high,pseudohypo,10,gcl,17.57466721179576,17.18392702225957,17.95917839685322
LA1044,shade,high,pseudohypo,10,fgmax,0.21619922152322343,0.1857982803023587,0.24941146599107167
LA1044,sun,low,amphi,11,tau,132.46962969768552,121.31065538119516,146.01164342446245
LA1044,sun,low,amphi,11,lambda,1.2119347107420935,1.1627340985230263,1.2576520627100205
LA1044,sun,low,amphi,11,gcl,20.921351011266772,20.45187332954459,21.360837094943054
LA1044,sun,low,amphi,11,fgmax,0.06790890829854539,0.05644955809542707,0.08090958831501684
LA1044,sun,high,amphi,11,tau,183.20414145919364,167.87432910196338,201.36528926636072
LA1044,sun,high,amphi,11,lambda,1.3390745483342767,1.2840804040415534,1.38932302921289
LA1044,sun,high,amphi,11,gcl,20.921351011266772,20.45187332954459,21.360837094943054
LA1044,sun,high,amphi,11,fgmax,0.14497865919596625,0.12204591419525801,0.17030632200571497
LA1044,sun,low,pseudohypo,11,tau,134.30898517176192,122.69946301764381,147.93223105211283
LA1044,sun,low,pseudohypo,11,lambda,1.1875678612982012,1.1391875363093924,1.2316119138857504
LA1044,sun,low,pseudohypo,11,gcl,19.702213014575367,19.272274841636726,20.12236931563789
LA1044,sun,low,pseudohypo,11,fgmax,0.08246175650454135,0.06870034101419248,0.09784106440286276
LA1044,sun,high,pseudohypo,11,tau,185.70067292150745,169.9671532534254,203.9975073672268
LA1044,sun,high,pseudohypo,11,lambda,1.3120121667715556,1.2586178468450928,1.3606582104435172
LA1044,sun,high,pseudohypo,11,gcl,19.702213014575367,19.272274841636726,20.12236931563789
LA1044,sun,high,pseudohypo,11,fgmax,0.17299742960522216,0.146789422212326,0.20112028184240105
LA1269,shade,low,amphi,9,tau,114.6782837830908,103.96441757528436,126.27925763475262
LA1269,shade,low,amphi,9,lambda,1.1289703601514411,1.0887763063240927,1.1759451587295326
LA1269,shade,low,amphi,9,gcl,19.082728129016125,18.660942331276107,19.500813503495525
LA1269,shade,low,amphi,9,fgmax,0.07449586013028262,0.06376392379548235,0.08705833008199662
LA1269,shade,high,amphi,10,tau,158.539617403814,143.66947776824645,174.4361786899188
LA1269,shade,high,amphi,10,lambda,1.248350349654439,1.2034087297539235,1.2992124977715926
LA1269,shade,high,amphi,10,gcl,19.082728129016125,18.660942331276107,19.500813503495525
LA1269,shade,high,amphi,10,fgmax,0.15773111873348222,0.13690253737741673,0.18194947856898058
LA1269,shade,low,pseudohypo,9,tau,116.18476162667025,105.57885208635174,127.79944992715787
LA1269,shade,low,pseudohypo,9,lambda,1.1063673492083181,1.066239698752918,1.152040476471464
LA1269,shade,low,pseudohypo,9,gcl,17.970076349382634,17.570034088486047,18.369945179371935
LA1269,shade,low,pseudohypo,9,fgmax,0.09036428087992093,0.07737678092262508,0.10515454339391789
LA1269,shade,high,pseudohypo,10,tau,160.66571552949173,146.03278650116107,176.7743339927689
LA1269,shade,high,pseudohypo,10,lambda,1.2231853550214236,1.178128036257689,1.2723068115312361
LA1269,shade,high,pseudohypo,10,gcl,17.970076349382634,17.570034088486047,18.369945179371935
LA1269,shade,high,pseudohypo,10,fgmax,0.18764720967761217,0.1632830680009253,0.21521793530669248
LA1269,sun,low,amphi,6,tau,114.80873106001626,104.22806723532523,126.96264336638176
LA1269,sun,low,amphi,6,lambda,1.2300031960372442,1.1849891631403624,1.2807766229710298
LA1269,sun,low,amphi,6,gcl,21.387207191766482,20.918787009955906,21.871071561363863
LA1269,sun,low,amphi,6,fgmax,0.057464277206952116,0.04901403040725776,0.06708716236410149
LA1269,sun,high,amphi,9,tau,158.71616437087968,143.94023659061682,175.54374469189986
LA1269,sun,high,amphi,9,lambda,1.3597282026548323,1.310970460575908,1.416395441565618
LA1269,sun,high,amphi,9,gcl,21.387207191766482,20.918787009955906,21.871071561363863
LA1269,sun,high,amphi,9,fgmax,0.1243432505161043,0.10754963574859698,0.14324564136967646
LA1269,sun,low,pseudohypo,6,tau,116.28497908840234,105.60741825722381,128.4179887207844
LA1269,sun,low,pseudohypo,6,lambda,1.2052295546607827,1.16084892602295,1.2536366597159452
LA1269,sun,low,pseudohypo,6,gcl,20.139643700562726,19.695465828736555,20.592097472385053
LA1269,sun,low,pseudohypo,6,fgmax,0.06993145577478317,0.059731907592837995,0.0816156373977702
LA1269,sun,high,pseudohypo,9,tau,160.80418875479424,146.04403913566992,177.6096660018977
LA1269,sun,high,pseudohypo,9,lambda,1.3321481933999344,1.2838386731879154,1.385892546931377
LA1269,sun,high,pseudohypo,9,gcl,20.139643700562726,19.695465828736555,20.592097472385053
LA1269,sun,high,pseudohypo,9,fgmax,0.14895192924206668,0.1289766838326733,0.17125833235919996
LA1316,shade,low,amphi,10,tau,179.7800781326469,163.51323293269724,197.8875651196526
LA1316,shade,low,amphi,10,lambda,1.191275648564466,1.1420013940201068,1.239057346923908
LA1316,shade,low,amphi,10,gcl,20.64236626160924,20.229128845575676,21.073391598138354
LA1316,shade,low,amphi,10,fgmax,0.07364844577189833,0.06354926963320062,0.08530075469824493
LA1316,shade,low,pseudohypo,10,tau,182.00434576636394,165.78768003624296,200.11646918142682
LA1316,shade,low,pseudohypo,10,lambda,1.1674080601214025,1.118738503029918,1.2134269603670014
LA1316,shade,low,pseudohypo,10,gcl,19.439112680823236,19.047989983905907,19.852498759472315
LA1316,shade,low,pseudohypo,10,fgmax,0.08920980279407532,0.0771087569588496,0.10336834400993088
LA1316,shade,high,amphi,9,tau,248.6899834598426,226.36947891838005,273.20644200627885
LA1316,shade,high,amphi,9,lambda,1.3171311273143007,1.262947225936441,1.3682635946487092
LA1316,shade,high,amphi,9,gcl,20.64236626160924,20.229128845575676,21.073391598138354
LA1316,shade,high,amphi,9,fgmax,0.15629861157472652,0.1363001681497793,0.17874562480616707
LA1316,shade,high,pseudohypo,9,tau,251.78927797395258,229.17765321708094,277.0701513514728
LA1316,shade,high,pseudohypo,9,lambda,1.2903349272795963,1.2368375221909946,1.3409800253770663
LA1316,shade,high,pseudohypo,9,gcl,19.439112680823236,19.047989983905907,19.852498759472315
LA1316,shade,high,pseudohypo,9,fgmax,0.18584555954790022,0.1627910656609628,0.211344089228536
LA1316,sun,low,amphi,9,tau,179.8666466142001,163.5744804571501,197.97110352147965
LA1316,sun,low,amphi,9,lambda,1.297196089132832,1.2443388767615555,1.3500203308406504
LA1316,sun,low,amphi,9,gcl,23.13862873610441,22.66946488335881,23.6204191196742
LA1316,sun,low,amphi,9,fgmax,0.05668775218640864,0.048737951639406994,0.06607474793752019
LA1316,sun,high,amphi,10,tau,248.9459157948334,226.50539056680654,273.6042016867219
LA1316,sun,high,amphi,10,lambda,1.4336682998334562,1.3743855563633014,1.4916477924814906
LA1316,sun,high,amphi,10,gcl,23.13862873610441,22.66946488335881,23.6204191196742
LA1316,sun,high,amphi,10,fgmax,0.12270455031322416,0.10650548996554388,0.1416856737673103
LA1316,sun,low,pseudohypo,9,tau,182.34277676580822,165.4566774165504,200.80950263787506
LA1316,sun,low,pseudohypo,9,lambda,1.2712294487591802,1.2180062935535863,1.3229443987806193
LA1316,sun,low,pseudohypo,9,gcl,21.788799328763115,21.342209616084293,22.242629730053494
LA1316,sun,low,pseudohypo,9,fgmax,0.06899340848233057,0.05942309129942296,0.08053728487695508
LA1316,sun,high,pseudohypo,10,tau,252.15757743539172,228.90491317415524,277.4848380361722
LA1316,sun,high,pseudohypo,10,lambda,1.4048425934682094,1.345907702069097,1.4621992001416684
LA1316,sun,high,pseudohypo,10,gcl,21.788799328763115,21.342209616084293,22.242629730053494
LA1316,sun,high,pseudohypo,10,fgmax,0.14707131178620353,0.12842404590553816,0.16900797997479697
LA1322,shade,low,amphi,8,tau,162.59875585895395,147.76277587698013,178.78898116358872
LA1322,shade,low,amphi,8,lambda,1.236803381696603,1.19068092280845,1.288197968822267
LA1322,shade,low,amphi,8,gcl,19.358115534175507,18.951548184844825,19.76428346999938
LA1322,shade,low,amphi,8,fgmax,0.07174718151818973,0.061877404700459666,0.0832489140373879
LA1322,shade,high,amphi,10,tau,224.78231214648082,204.16400763966155,246.59290869594824
LA1322,shade,high,amphi,10,lambda,1.3666207237312016,1.3160498892315864,1.4217764117105718
LA1322,shade,high,amphi,10,gcl,19.358115534175507,18.951548184844825,19.76428346999938
LA1322,shade,high,amphi,10,fgmax,0.15238881975583085,0.13319910002733562,0.1746734374721874
LA1322,shade,low,pseudohypo,8,tau,164.65708822012132,149.77199391637254,181.3720564455221
LA1322,shade,low,pseudohypo,8,lambda,1.2120250995532575,1.1662626918707601,1.2603746919981793
LA1322,shade,low,pseudohypo,8,gcl,18.22601180728168,17.84227678149602,18.61716468685451
LA1322,shade,low,pseudohypo,8,fgmax,0.08693816881512957,0.07506174737811677,0.10089606478362488
LA1322,shade,high,pseudohypo,10,tau,227.74448860348178,206.94254146016524,250.06924684629783
LA1322,shade,high,pseudohypo,10,lambda,1.3397821265207903,1.2897168215855153,1.3915129761329035
LA1322,shade,high,pseudohypo,10,gcl,18.22601180728168,17.84227678149602,18.61716468685451
LA1322,shade,high,pseudohypo,10,fgmax,0.18159980790244248,0.15927627082614812,0.20702838847204427
LA1322,sun,low,amphi,9,tau,162.81388389857818,148.251654113081,179.36675613296913
LA1322,sun,low,amphi,9,lambda,1.347617333481665,1.295513577342864,1.4001901122154818
LA1322,sun,low,amphi,9,gcl,21.70081508800047,21.23535479277339,22.13800041097134
LA1322,sun,low,amphi,9,fgmax,0.055283354416343446,0.047261640133121195,0.06472226043962397
LA1322,sun,high,amphi,10,tau,224.91024356156757,205.0720979277328,247.7260898049521
LA1322,sun,high,amphi,10,lambda,1.4892709070478247,1.433405833938508,1.5479882629373218
LA1322,sun,high,amphi,10,gcl,21.70081508800047,21.23535479277339,22.13800041097134
LA1322,sun,high,amphi,10,fgmax,0.11980627842884219,0.10376492245597282,0.13862175968458126
LA1322,sun,low,pseudohypo,9,tau,164.9870515767012,150.16331466985852,181.42987482531254
LA1322,sun,low,pseudohypo,9,lambda,1.3199655598922433,1.2698350657218698,1.3719123197748972
LA1322,sun,low,pseudohypo,9,gcl,20.431282966044943,19.99378133741474,20.865589250400358
LA1322,sun,low,pseudohypo,9,fgmax,0.06734712001328544,0.05774244729855579,0.07858565812777711
LA1322,sun,high,pseudohypo,10,tau,228.0501740789427,207.60541154043528,250.85474842498817
LA1322,sun,high,pseudohypo,10,lambda,1.4589443155386366,1.4045437556651659,1.515376668677697
LA1322,sun,high,pseudohypo,10,gcl,20.431282966044943,19.99378133741474,20.865589250400358
LA1322,sun,high,pseudohypo,10,fgmax,0.14402257487774994,0.12507912732602353,0.1651382274850576
LA1358,shade,low,amphi,9,tau,130.31610205939,116.98972804909086,145.0611042525446
LA1358,shade,low,amphi,9,lambda,1.1137409209101445,1.0676171741700933,1.164146745392638
LA1358,shade,low,amphi,9,gcl,17.597200352318577,17.149105264331848,18.043785810489847
LA1358,shade,low,amphi,9,fgmax,0.06399138674874069,0.054476003463405996,0.0753981186914965
LA1358,shade,high,amphi,8,tau,180.12024764884762,161.7787816477,200.50427476651788
LA1358,shade,high,amphi,8,lambda,1.2310842929561878,1.180195726193607,1.285838878283472
LA1358,shade,high,amphi,8,gcl,17.597200352318577,17.149105264331848,18.043785810489847
LA1358,shade,high,amphi,8,fgmax,0.13729232509586875,0.1185126972415829,0.1594716568424233
LA1358,shade,low,pseudohypo,9,tau,131.9595993456968,118.2796331645975,146.98901721387716
LA1358,shade,low,pseudohypo,9,lambda,1.0914539583602714,1.0462914827893341,1.1385702817021794
LA1358,shade,low,pseudohypo,9,gcl,16.569579086940657,16.149548889663993,16.98410947622842
LA1358,shade,low,pseudohypo,9,fgmax,0.07767831784034634,0.0662901903684778,0.09138434743108878
LA1358,shade,high,pseudohypo,8,tau,182.473619116537,163.6160943397438,203.32852048589632
LA1358,shade,high,pseudohypo,8,lambda,1.2060627749740989,1.1576793274378607,1.2583068010511673
LA1358,shade,high,pseudohypo,8,gcl,16.569579086940657,16.149548889663993,16.98410947622842
LA1358,shade,high,pseudohypo,8,fgmax,0.16397829295213365,0.1419239079266673,0.18983885166017733
LA1358,sun,low,amphi,8,tau,130.56142368246748,116.77803525268583,144.91996695171312
LA1358,sun,low,amphi,8,lambda,1.2132160542209873,1.1630007266037374,1.2670754341386337
LA1358,sun,low,amphi,8,gcl,19.71390207600983,19.230384803155722,20.201449040751154
LA1358,sun,low,amphi,8,fgmax,0.04914231389383942,0.04172459064988118,0.0579547667514921
LA1358,sun,high,amphi,10,tau,180.53366254111873,161.41082025199074,200.55883400754368
LA1358,sun,high,amphi,10,lambda,1.3408393865387838,1.2856895528492098,1.399559742626109
LA1358,sun,high,amphi,10,gcl,19.71390207600983,19.230384803155722,20.201449040751154
LA1358,sun,high,amphi,10,fgmax,0.10733080722456913,0.09189936141602383,0.1253489320900088
LA1358,sun,low,pseudohypo,8,tau,132.2306111554707,118.23069416232406,146.87048729268466
LA1358,sun,low,pseudohypo,8,lambda,1.1885316964940118,1.139100210940926,1.2402131968969246
LA1358,sun,low,pseudohypo,8,gcl,18.567110670319646,18.105291754660712,19.035128902754234
LA1358,sun,low,pseudohypo,8,fgmax,0.059866742196719565,0.0509272381536668,0.07064308962020581
LA1358,sun,high,pseudohypo,10,tau,182.87616741290412,163.5694230810882,203.58627638803563
LA1358,sun,high,pseudohypo,10,lambda,1.313793858633056,1.2608532994807944,1.3702226969540852
LA1358,sun,high,pseudohypo,10,gcl,18.567110670319646,18.105291754660712,19.035128902754234
LA1358,sun,high,pseudohypo,10,fgmax,0.1291991110832907,0.11067146434385115,0.15053929936583665
LA1360,sun,low,amphi,9,tau,131.5231226037921,118.7489249675574,145.45540844710098
LA1360,sun,low,amphi,9,lambda,1.1988936924518787,1.1504728915487858,1.2466264628508414
LA1360,sun,low,amphi,9,gcl,20.282339915177744,19.842545876054043,20.73811683030412
LA1360,sun,low,amphi,9,fgmax,0.060505078991215856,0.05164888095082449,0.0707336031783956
LA1360,sun,high,amphi,9,tau,181.71136709879227,164.21433877014667,200.7713207516014
LA1360,sun,high,amphi,9,lambda,1.325207079898135,1.2716335997262116,1.3779172075876862
LA1360,sun,high,amphi,9,gcl,20.282339915177744,19.842545876054043,20.73811683030412
LA1360,sun,high,amphi,9,fgmax,0.13036889253687348,0.1121106544850155,0.1509443792655633
LA1360,sun,low,pseudohypo,9,tau,133.09555950515923,120.35413118176443,146.9387145465246
LA1360,sun,low,pseudohypo,9,lambda,1.174404952938338,1.1262851880254772,1.2220959188851706
LA1360,sun,low,pseudohypo,9,gcl,19.10156642557483,18.685318212044304,19.536005371255953
LA1360,sun,low,pseudohypo,9,fgmax,0.07347197700972528,0.0626933233314168,0.08608024877980607
LA1360,sun,high,pseudohypo,9,tau,184.07613734730913,166.4697579453122,203.25075551380567
LA1360,sun,high,pseudohypo,9,lambda,1.2977913458854655,1.2457868925415503,1.3495833269001885
LA1360,sun,high,pseudohypo,9,gcl,19.10156642557483,18.685318212044304,19.536005371255953
LA1360,sun,high,pseudohypo,9,fgmax,0.1558436935684384,0.13480835304267247,0.17978980647788967
LA1360,shade,low,amphi,10,tau,131.17211885700004,118.42832509840612,145.2093295375408
LA1360,shade,low,amphi,10,lambda,1.100581719828833,1.0550195697875353,1.1430692590515261
LA1360,shade,low,amphi,10,gcl,18.0971643997208,17.716525764010772,18.503014125892616
LA1360,shade,low,amphi,10,fgmax,0.07837493696694088,0.0673520353919954,0.09173045798951483
LA1360,shade,high,amphi,10,tau,181.32585817473222,163.61264399000672,201.0042834563547
LA1360,shade,high,amphi,10,lambda,1.21641644103265,1.1664640609406998,1.2632638216553174
LA1360,shade,high,amphi,10,gcl,18.0971643997208,17.716525764010772,18.503014125892616
LA1360,shade,high,amphi,10,fgmax,0.16524404139937696,0.14358686703647944,0.1905904102306837
LA1360,shade,low,pseudohypo,10,tau,132.87289546046244,120.18245184880863,146.88714422549253
LA1360,shade,low,pseudohypo,10,lambda,1.0780045784257353,1.0333349450882536,1.1194952939504605
LA1360,shade,low,pseudohypo,10,gcl,17.039872866718337,16.671925040923284,17.420848315830042
LA1360,shade,low,pseudohypo,10,fgmax,0.09484082990965921,0.08159937912320633,0.11084424204157185
LA1360,shade,high,pseudohypo,10,tau,183.70750650008088,165.9114225140535,203.14257359056413
LA1360,shade,high,pseudohypo,10,lambda,1.191891376674253,1.1435182946741906,1.237397933328018
LA1360,shade,high,pseudohypo,10,gcl,17.039872866718337,16.671925040923284,17.420848315830042
LA1360,shade,high,pseudohypo,10,fgmax,0.19615779486097554,0.17123472692562555,0.22540737728064966
LA1364,shade,low,amphi,10,tau,146.53339330247468,131.3693649171727,163.4972367885384
LA1364,shade,low,amphi,10,lambda,1.175895336809824,1.126305061610948,1.2283625639672415
LA1364,shade,low,amphi,10,gcl,17.456914207039908,17.014749920848846,17.898052393596082
LA1364,shade,low,amphi,10,fgmax,0.07143105540772478,0.060355636071279965,0.08433530810698389
LA1364,shade,high,amphi,10,tau,202.62930804397396,181.26463834213442,225.77004013384024
LA1364,shade,high,amphi,10,lambda,1.299421803777448,1.2441758669921748,1.3557078345241511
LA1364,shade,high,amphi,10,gcl,17.456914207039908,17.014749920848846,17.898052393596082
LA1364,shade,high,amphi,10,fgmax,0.15181825057212764,0.12993468925881604,0.1763222847829759
LA1364,shade,low,pseudohypo,10,tau,148.6500353934539,133.05228615044246,165.88279148813973
LA1364,shade,low,pseudohypo,10,lambda,1.1521215341895124,1.102028567169185,1.2022664374214154
LA1364,shade,low,pseudohypo,10,gcl,16.437771257348185,16.023994582470518,16.843840798007324
LA1364,shade,low,pseudohypo,10,fgmax,0.08676165528468854,0.07348103675866027,0.1015003721482332
LA1364,shade,high,pseudohypo,10,tau,205.39558243484797,183.8956937123717,228.90896482964064
LA1364,shade,high,pseudohypo,10,lambda,1.2737790156195032,1.2189867805185919,1.3278946093385282
LA1364,shade,high,pseudohypo,10,gcl,16.437771257348185,16.023994582470518,16.843840798007324
LA1364,shade,high,pseudohypo,10,fgmax,0.18106808489219736,0.1556039151168117,0.20849281441284712
LA1364,sun,low,amphi,5,tau,146.74500206993696,131.33721929145636,164.114419558757
LA1364,sun,low,amphi,5,lambda,1.2804458037510702,1.2285126788003489,1.3379549832316653
LA1364,sun,low,amphi,5,gcl,19.566180759658224,19.055259399751527,20.05364684511594
LA1364,sun,low,amphi,5,fgmax,0.05507399261458529,0.04657172607792877,0.06502847236666766
LA1364,sun,high,amphi,7,tau,202.86124331939575,181.71079367264787,226.16814281810613
LA1364,sun,high,amphi,7,lambda,1.4154363761801927,1.3580588266056377,1.4782308192338016
LA1364,sun,high,amphi,7,gcl,19.566180759658224,19.055259399751527,20.05364684511594
LA1364,sun,high,amphi,7,fgmax,0.11938389481153083,0.10200842924219664,0.13923633349528255
LA1364,sun,low,pseudohypo,7,tau,148.74548578329836,132.98395581557776,166.41861838136086
LA1364,sun,low,pseudohypo,7,lambda,1.2548932150368621,1.202129584057288,1.3110824593839656
LA1364,sun,low,pseudohypo,7,gcl,18.420769339759588,17.94608445450783,18.879575893555828
LA1364,sun,low,pseudohypo,7,fgmax,0.06706797187128351,0.05659953002190895,0.07886185043855552
LA1364,sun,high,pseudohypo,8,tau,205.5722197371414,184.05254503306872,229.50683968190705
LA1364,sun,high,pseudohypo,8,lambda,1.38710937181323,1.3290172627883874,1.4484957996162005
LA1364,sun,high,pseudohypo,8,gcl,18.420769339759588,17.94608445450783,18.879575893555828
LA1364,sun,high,pseudohypo,8,fgmax,0.14341590707273955,0.1223001341414117,0.16581656600659325
LA1589,shade,low,amphi,10,tau,106.02229126525164,95.67607488540885,116.19767161482154
LA1589,shade,low,amphi,10,lambda,1.0834848403626116,1.0380246816745917,1.123092236107423
LA1589,shade,low,amphi,10,gcl,18.11628949791398,17.72153228803208,18.514592770468088
LA1589,shade,low,amphi,10,fgmax,0.0701510612351097,0.059775706068536716,0.0821293227195909
LA1589,shade,high,amphi,10,tau,146.75228693585075,132.46117279795772,160.79170098507635
LA1589,shade,high,amphi,10,lambda,1.1971112434980529,1.1485786051049012,1.2420956230271583
LA1589,shade,high,amphi,10,gcl,18.11628949791398,17.72153228803208,18.514592770468088
LA1589,shade,high,amphi,10,fgmax,0.149630042459477,0.1292091804408919,0.1724314578874107
LA1589,shade,low,pseudohypo,10,tau,107.39065416778881,96.97654240951371,117.77701169321422
LA1589,shade,low,pseudohypo,10,lambda,1.0615334602120523,1.0171465401766475,1.0997586955756609
LA1589,shade,low,pseudohypo,10,gcl,17.0578727120257,16.6822547858077,17.440465436326896
LA1589,shade,low,pseudohypo,10,fgmax,0.08511541010166568,0.07265588284542965,0.09899893961615117
LA1589,shade,high,pseudohypo,10,tau,148.53941554605694,134.42690963586355,162.83464141550363
LA1589,shade,high,pseudohypo,10,lambda,1.1730062013783622,1.1251776455027889,1.2161828829014647
LA1589,shade,high,pseudohypo,10,gcl,17.0578727120257,16.6822547858077,17.440465436326896
LA1589,shade,high,pseudohypo,10,fgmax,0.17807754643876167,0.1545662028913536,0.20422748449509054
LA1589,sun,low,amphi,6,tau,106.1560691733878,95.73309976361918,116.4598441045833
LA1589,sun,low,amphi,6,lambda,1.1799023420701946,1.1310772453800704,1.2244276379490417
LA1589,sun,low,amphi,6,gcl,20.301109256861412,19.852781635771965,20.760313466944684
LA1589,sun,low,amphi,6,fgmax,0.05406027462164859,0.04591038617267276,0.0634638611717164
LA1589,sun,high,amphi,9,tau,146.78705657350363,132.67504812583243,161.10287088226977
LA1589,sun,high,amphi,9,lambda,1.30355137038176,1.2519400090485788,1.3521209512879824
LA1589,sun,high,amphi,9,gcl,20.301109256861412,19.852781635771965,20.760313466944684
LA1589,sun,high,amphi,9,fgmax,0.11744836428169379,0.10100361475474368,0.13598915592812907
LA1589,sun,low,pseudohypo,6,tau,107.48924334379268,97.18947074773688,118.09030715645012
LA1589,sun,low,pseudohypo,6,lambda,1.155653624641021,1.108295610403626,1.1990526022041617
LA1589,sun,low,pseudohypo,6,gcl,19.12024111192361,18.693557709204146,19.55309176109247
LA1589,sun,low,pseudohypo,6,fgmax,0.06579948381908621,0.05604055653978984,0.07685000499142304
LA1589,sun,high,pseudohypo,9,tau,148.67964194322482,134.53563844988267,163.31070313699485
LA1589,sun,high,pseudohypo,9,lambda,1.277264470149265,1.2249883727997628,1.3248548501882238
LA1589,sun,high,pseudohypo,9,gcl,19.12024111192361,18.693557709204146,19.55309176109247
LA1589,sun,high,pseudohypo,9,fgmax,0.14091689228571844,0.12150104713820557,0.1623384591782483
LA1777,shade,low,amphi,9,tau,120.613156185388,108.44174697195335,134.32356678513156
LA1777,shade,low,amphi,9,lambda,1.0571024430105795,1.0142781131260994,1.1025570478991786
LA1777,shade,low,amphi,9,gcl,16.220243023043118,15.828812841723538,16.62885040904443
LA1777,shade,low,amphi,9,fgmax,0.04077317185735498,0.034234065035403764,0.04863851819132509
LA1777,shade,high,amphi,10,tau,166.75130223560768,149.83397024356412,185.89849989619344
LA1777,shade,high,amphi,10,lambda,1.1686549640652135,1.1205318179577595,1.2187373013147202
LA1777,shade,high,amphi,10,gcl,16.220243023043118,15.828812841723538,16.62885040904443
LA1777,shade,high,amphi,10,fgmax,0.09003098591122377,0.07647074016717388,0.10648562394605326
LA1777,shade,low,pseudohypo,9,tau,122.19318712557023,109.87752958137983,135.8690226760127
LA1777,shade,low,pseudohypo,9,lambda,1.035534929641433,0.9931446097200016,1.08006040287748
LA1777,shade,low,pseudohypo,9,gcl,15.275238695771735,14.89348164511862,15.65535338245035
LA1777,shade,low,pseudohypo,9,fgmax,0.04976934417787778,0.041966732038572985,0.05913364818734765
LA1777,shade,high,pseudohypo,10,tau,168.93242984932775,151.83134058964743,188.1765444950589
LA1777,shade,high,pseudohypo,10,lambda,1.1448286604629847,1.0975588145457074,1.1935906386946806
LA1777,shade,high,pseudohypo,10,gcl,15.275238695771735,14.89348164511862,15.65535338245035
LA1777,shade,high,pseudohypo,10,fgmax,0.1087239431071207,0.09286931839482576,0.12778446174829364
LA1777,sun,low,amphi,9,tau,120.80788919858368,108.52095581166517,134.5769729930038
LA1777,sun,low,amphi,9,lambda,1.151726029149425,1.1032916765498086,1.2009402807492635
LA1777,sun,low,amphi,9,gcl,18.177524905153867,17.733793590514463,18.638692953434767
LA1777,sun,low,amphi,9,fgmax,0.031149172642716893,0.026017225308290336,0.037232160498112
LA1777,sun,high,amphi,10,tau,167.02321697580578,150.1004490671067,186.2079041986606
LA1777,sun,high,amphi,10,lambda,1.2727631086138225,1.2194915650675806,1.329472764157333
LA1777,sun,high,amphi,10,gcl,18.177524905153867,17.733793590514463,18.638692953434767
LA1777,sun,high,amphi,10,fgmax,0.06967589545675223,0.05876818149197235,0.08247112185946927
LA1777,sun,high,pseudohypo,10,tau,169.24631112335186,151.94079099964816,188.67092627301912
LA1777,sun,high,pseudohypo,10,lambda,1.2465212218345663,1.1954096793751872,1.299696140249732
LA1777,sun,high,pseudohypo,10,gcl,17.12046974562766,16.696297987317447,17.548878641499595
LA1777,sun,high,pseudohypo,10,fgmax,0.08456432322923091,0.07150215000493962,0.09982189395832329
LA1777,sun,low,pseudohypo,7,tau,122.40164131766996,110.03963617733297,136.4747547962004
LA1777,sun,low,pseudohypo,7,lambda,1.127899482265119,1.0815848591195283,1.1757752702009383
LA1777,sun,low,pseudohypo,7,gcl,17.12046974562766,16.696297987317447,17.548878641499595
LA1777,sun,low,pseudohypo,7,fgmax,0.038091772667617145,0.03192017171278026,0.045520064558212926
LA1782,sun,low,amphi,8,tau,130.2963274450826,117.44777189123833,144.9627885311377
LA1782,sun,low,amphi,8,lambda,1.2405115148827925,1.1919828241761412,1.2959881133623028
LA1782,sun,low,amphi,8,gcl,18.045459231338647,17.593553405149734,18.48990880081394
LA1782,sun,low,amphi,8,fgmax,0.05396387467666512,0.045729194377467204,0.06333343911530775
LA1782,sun,high,amphi,10,tau,180.04002677913422,162.29008025696237,201.18474772882388
LA1782,sun,high,amphi,10,lambda,1.371448812878101,1.3171468352372102,1.4319378863236327
LA1782,sun,high,amphi,10,gcl,18.045459231338647,17.593553405149734,18.48990880081394
LA1782,sun,high,amphi,10,fgmax,0.11717389740036994,0.10039473172837429,0.13579724319921913
LA1782,sun,low,pseudohypo,8,tau,131.90006401037758,118.70956326253217,146.79940499071878
LA1782,sun,low,pseudohypo,8,lambda,1.215103557189265,1.1670630971656142,1.2695138570835385
LA1782,sun,low,pseudohypo,8,gcl,16.997440646219303,16.576712735217907,17.404843268882537
LA1782,sun,low,pseudohypo,8,fgmax,0.06569307767918488,0.05570541085904046,0.07689540306753657
LA1782,sun,high,pseudohypo,10,tau,182.3384799944645,164.12230531255946,203.76171654653663
LA1782,sun,high,pseudohypo,10,lambda,1.3433728175424637,1.2897583585920152,1.4035655921836105
LA1782,sun,high,pseudohypo,10,gcl,16.997440646219303,16.576712735217907,17.404843268882537
LA1782,sun,high,pseudohypo,10,fgmax,0.14055448537583967,0.12111311492292848,0.16246636219784497
LA1782,shade,low,amphi,10,tau,129.9153162707088,116.92572667170258,144.43837147317348
LA1782,shade,low,amphi,10,lambda,1.1390582412895751,1.095461325926006,1.1889159850344126
LA1782,shade,low,amphi,10,gcl,16.10217999918091,15.706645381788283,16.495356798452505
LA1782,shade,low,amphi,10,fgmax,0.06998156833943907,0.05910057647601874,0.08203728471054166
LA1782,shade,high,amphi,10,tau,179.7118239522914,161.85616186634638,199.6159506248484
LA1782,shade,high,amphi,10,lambda,1.2590613278362137,1.208977736146369,1.3148363905665066
LA1782,shade,high,amphi,10,gcl,16.10217999918091,15.706645381788283,16.495356798452505
LA1782,shade,high,amphi,10,fgmax,0.14916211219508055,0.12793714823360858,0.1716856220446173
LA1782,shade,low,pseudohypo,10,tau,131.65001015284375,118.25899783014981,146.72489016842803
LA1782,shade,low,pseudohypo,10,lambda,1.1156090498487337,1.0719607958879556,1.1651605555091935
LA1782,shade,low,pseudohypo,10,gcl,15.16682182566359,14.787712582494823,15.525881290078622
LA1782,shade,low,pseudohypo,10,fgmax,0.08482517495026995,0.07205905173995444,0.09916414904318825
LA1782,shade,high,pseudohypo,10,tau,182.08361522158333,164.05434389031356,202.85370230346456
LA1782,shade,high,pseudohypo,10,lambda,1.2333095031978694,1.1839271168137244,1.2882442278480897
LA1782,shade,high,pseudohypo,10,gcl,15.16682182566359,14.787712582494823,15.525881290078622
LA1782,shade,high,pseudohypo,10,fgmax,0.17753287875291593,0.1533841124718289,0.20401317390917073
LA2133,shade,low,amphi,9,tau,150.94385151355928,137.60636222311945,165.91720099958735
LA2133,shade,low,amphi,9,lambda,1.2388991151311346,1.194088777330041,1.2889248221390526
LA2133,shade,low,amphi,9,gcl,18.469487109791398,18.055570577990352,18.89227510430561
LA2133,shade,low,amphi,9,fgmax,0.07187112149434033,0.061830803050898324,0.08439068562169504
LA2133,shade,high,amphi,10,tau,208.7348126122474,190.63848021144025,229.29211157533283
LA2133,shade,high,amphi,10,lambda,1.3697388523467904,1.3206906506611182,1.4238897691633479
LA2133,shade,high,amphi,10,gcl,18.469487109791398,18.055570577990352,18.89227510430561
LA2133,shade,high,amphi,10,fgmax,0.15279107158179978,0.13292402236551193,0.1763897708332976
LA2133,shade,low,pseudohypo,9,tau,153.0277629900275,139.336882542028,168.70853699403426
LA2133,shade,low,pseudohypo,9,lambda,1.2140827466101625,1.167990782435478,1.2638996655807666
LA2133,shade,low,pseudohypo,9,gcl,17.39060151543982,16.99603637908353,17.795473425595798
LA2133,shade,low,pseudohypo,9,fgmax,0.08711031407824732,0.07492188973136965,0.1019468419971793
LA2133,shade,high,pseudohypo,10,tau,211.7306547639974,192.92859411609146,232.71806086394142
LA2133,shade,high,pseudohypo,10,lambda,1.3423210793659819,1.2912179995607167,1.3944453496843694
LA2133,shade,high,pseudohypo,10,gcl,17.39060151543982,16.99603637908353,17.795473425595798
LA2133,shade,high,pseudohypo,10,fgmax,0.18180486506504828,0.15911696767114875,0.20896801026929332
LA2133,sun,high,amphi,11,tau,209.3209415442862,190.44528633685385,230.09775283318277
LA2133,sun,high,amphi,11,lambda,1.4919283875342852,1.4385371218732597,1.5515296549947795
LA2133,sun,high,amphi,11,gcl,20.69653970938351,20.23971479876748,21.170517372748325
LA2133,sun,high,amphi,11,fgmax,0.12022770927499032,0.10357381031372433,0.1391511200717925
LA2133,sun,high,pseudohypo,11,tau,211.97584997918167,192.95994166733794,232.79920421492162
LA2133,sun,high,pseudohypo,11,lambda,1.461368438051141,1.4073523030526183,1.5203518898297006
LA2133,sun,high,pseudohypo,11,gcl,19.489580676781433,19.039895482763573,19.946003705375215
LA2133,sun,high,pseudohypo,11,fgmax,0.14395568419944613,0.12486863822025802,0.166127077634708
LA2133,sun,low,amphi,8,tau,151.34656898025492,137.57284238484107,166.3645007741913
LA2133,sun,low,amphi,8,lambda,1.349873844018778,1.3012870896953501,1.4042396583436145
LA2133,sun,low,amphi,8,gcl,20.69653970938351,20.23971479876748,21.170517372748325
LA2133,sun,low,amphi,8,fgmax,0.05539597462751234,0.04725283496455855,0.06500754664445145
LA2133,sun,low,pseudohypo,8,tau,153.35941762912177,139.22878664732193,168.48258081121233
LA2133,sun,low,pseudohypo,8,lambda,1.3220416317926296,1.2731984949669892,1.3770267625460788
LA2133,sun,low,pseudohypo,8,gcl,19.489580676781433,19.039895482763573,19.946003705375215
LA2133,sun,low,pseudohypo,8,fgmax,0.06737524043253264,0.05755676861946644,0.07897759717531153
LA2172,sun,low,amphi,10,tau,148.2761597141549,134.0179037485474,163.13736171069445
LA2172,sun,low,amphi,10,lambda,1.3038901120120765,1.254072017407923,1.3560135020795407
LA2172,sun,low,amphi,10,gcl,21.21889936336037,20.726498988870716,21.71362342366788
LA2172,sun,low,amphi,10,fgmax,0.048672438542993024,0.04125052247068393,0.0565756724132526
LA2172,sun,high,amphi,10,tau,205.33383900523117,185.32091524727215,225.80716399150356
LA2172,sun,high,amphi,10,lambda,1.441036908899631,1.3869177014696397,1.4983800521307853
LA2172,sun,high,amphi,10,gcl,21.21889936336037,20.726498988870716,21.71362342366788
LA2172,sun,high,amphi,10,fgmax,0.10660080324454017,0.09131206653209795,0.12236432297797331
LA2172,sun,low,pseudohypo,10,tau,150.32351785651164,135.83373878165239,165.39972683600902
LA2172,sun,low,pseudohypo,10,lambda,1.27718122603426,1.227683415206041,1.3283795665114844
LA2172,sun,low,pseudohypo,10,gcl,19.97865796708666,19.520903767447223,20.454759615145125
LA2172,sun,low,pseudohypo,10,fgmax,0.05931267059436484,0.05033764299464552,0.0688667185469604
LA2172,sun,high,pseudohypo,10,tau,208.02906109051503,187.97538306248032,228.5252769523686
LA2172,sun,high,pseudohypo,10,lambda,1.411692727369649,1.3578684686793967,1.4676617393095723
LA2172,sun,high,pseudohypo,10,gcl,19.97865796708666,19.520903767447223,20.454759615145125
LA2172,sun,high,pseudohypo,10,fgmax,0.12818979486233287,0.11010833286190505,0.14707199372584223
LA2172,shade,low,amphi,10,tau,148.04257516459677,133.99865729560747,162.68538353717793
LA2172,shade,low,amphi,10,lambda,1.1969764742043412,1.1519282522645975,1.2444288684079603
LA2172,shade,low,amphi,10,gcl,18.935660717038335,18.48385498835749,19.385393793838386
LA2172,shade,low,amphi,10,fgmax,0.06333262438708014,0.05393908667791763,0.07359640958790922
LA2172,shade,high,amphi,10,tau,204.91950539248086,185.3358781944814,225.5397992715455
LA2172,shade,high,amphi,10,lambda,1.3229154287293032,1.272896515657998,1.375661445770097
LA2172,shade,high,amphi,10,gcl,18.935660717038335,18.48385498835749,19.385393793838386
LA2172,shade,high,amphi,10,fgmax,0.1361194799103675,0.11729196846304371,0.15591521923416146
LA2172,shade,low,pseudohypo,10,tau,150.13287228959376,135.71800853292558,165.0650454958835
LA2172,shade,low,pseudohypo,10,lambda,1.1723820994013279,1.1276105111544998,1.2190874388906958
LA2172,shade,low,pseudohypo,10,gcl,17.825842138838812,17.414178664091157,18.247148474811805
LA2172,shade,low,pseudohypo,10,fgmax,0.07695389888640478,0.06563704186297314,0.08917998988048796
LA2172,shade,high,pseudohypo,10,tau,207.67753209218344,188.01598066834924,228.29279371117855
LA2172,shade,high,pseudohypo,10,lambda,1.295616254178353,1.2462929517327819,1.3467512717510461
LA2172,shade,high,pseudohypo,10,gcl,17.825842138838812,17.414178664091157,18.247148474811805
LA2172,shade,high,pseudohypo,10,fgmax,0.16251884298247635,0.1406750238053614,0.18609285886076823
LA2744,sun,low,amphi,9,tau,158.34197896790064,141.57467578203872,176.11142771294044
LA2744,sun,low,amphi,9,lambda,1.2351427536963078,1.1850894563750551,1.286606174635464
LA2744,sun,low,amphi,9,gcl,22.535067820477803,22.022927653424063,23.07122260084514
LA2744,sun,low,amphi,9,fgmax,0.05785218401240238,0.048844265776879885,0.0676166486941905
LA2744,sun,high,amphi,8,tau,218.9899954459923,196.51583588079208,243.11680612882773
LA2744,sun,high,amphi,8,lambda,1.3653297655034407,1.3092283673985128,1.4213741049658284
LA2744,sun,high,amphi,8,gcl,22.535067820477803,22.022927653424063,23.07122260084514
LA2744,sun,high,amphi,8,fgmax,0.12504425727467958,0.10675768355072672,0.14452126297047702
LA2744,sun,low,pseudohypo,9,tau,160.42574858721534,143.60143300016193,178.27337997413923
LA2744,sun,low,pseudohypo,9,lambda,1.2102464144622007,1.1617939549990475,1.2616080474762457
LA2744,sun,low,pseudohypo,9,gcl,21.220838221709606,20.724657080844995,21.72881915069195
LA2744,sun,low,pseudohypo,9,fgmax,0.07042610203060883,0.05946324858179756,0.08206154732878747
LA2744,sun,high,pseudohypo,8,tau,221.95905080480063,198.92202662280758,246.85667785097965
LA2744,sun,high,pseudohypo,8,lambda,1.3376136761088253,1.2840516070134107,1.3923736371159916
LA2744,sun,high,pseudohypo,8,gcl,21.220838221709606,20.724657080844995,21.72881915069195
LA2744,sun,high,pseudohypo,8,fgmax,0.14984255630334975,0.1283062276795832,0.17222129754890375
LA2744,shade,low,amphi,10,tau,158.05008886159294,141.91378742401773,176.05693556640443
LA2744,shade,low,amphi,10,lambda,1.1339604661015859,1.0879485660073158,1.1820421754686026
LA2744,shade,low,amphi,10,gcl,20.113281711266364,19.63596563220343,20.587638333255555
LA2744,shade,low,amphi,10,fgmax,0.07491549393513212,0.06366437116294812,0.08766931760555655
LA2744,shade,high,amphi,9,tau,218.5751554180699,195.9856824516678,243.36676433348833
LA2744,shade,high,amphi,9,lambda,1.2532215037233219,1.2021024622205614,1.3052935202161444
LA2744,shade,high,amphi,9,gcl,20.113281711266364,19.63596563220343,20.587638333255555
LA2744,shade,high,amphi,9,fgmax,0.1587150147977356,0.13615672303619267,0.18308635034696466
LA2744,shade,low,pseudohypo,10,tau,160.0992334575397,143.64483895075182,177.92218958507888
LA2744,shade,low,pseudohypo,10,lambda,1.1105457024653136,1.0656526929466308,1.1578693292626374
LA2744,shade,low,pseudohypo,10,gcl,18.937300991221594,18.495908758116702,19.389002768771338
LA2744,shade,low,pseudohypo,10,fgmax,0.09082972103548755,0.07716880915144882,0.10583162760605742
LA2744,shade,high,pseudohypo,9,tau,221.27827479237723,198.46706413777642,246.63242682847894
LA2744,shade,high,pseudohypo,9,lambda,1.2279652963298258,1.178128965661307,1.2792854271456737
LA2744,shade,high,pseudohypo,9,gcl,18.937300991221594,18.495908758116702,19.389002768771338
LA2744,shade,high,pseudohypo,9,fgmax,0.18879638789543768,0.1627168564095278,0.216258110916477
LA2933,shade,low,amphi,9,tau,111.93461768068516,101.98496255874463,123.1957597407776
LA2933,shade,low,amphi,9,lambda,1.1291043816961415,1.0867092304408943,1.1774016215322503
LA2933,shade,low,amphi,9,gcl,17.47324314098703,17.085377587930207,17.87696058603247
LA2933,shade,low,amphi,9,fgmax,0.06429159485071252,0.05475064658959431,0.07498510704880822
LA2933,shade,high,amphi,10,tau,154.86379688880314,141.01956123037996,170.3025067698781
LA2933,shade,high,amphi,10,lambda,1.2477386549368863,1.2016961019534511,1.2999889501977455
LA2933,shade,high,amphi,10,gcl,17.47324314098703,17.085377587930207,17.87696058603247
LA2933,shade,high,amphi,10,fgmax,0.1378648256887819,0.11861082810483764,0.15869694622104197
LA2933,shade,low,pseudohypo,9,tau,113.30988364119698,103.17100283486576,124.67405725709092
LA2933,shade,low,pseudohypo,9,lambda,1.106086837661203,1.0643039819915607,1.1534497824167032
LA2933,shade,low,pseudohypo,9,gcl,16.45709869023838,16.08735129672971,16.836999850981393
LA2933,shade,low,pseudohypo,9,fgmax,0.0780729097919887,0.06670136612605707,0.09093554712423223
LA2933,shade,high,pseudohypo,9,tau,156.73957556185104,142.85594947101401,172.3141205276033
LA2933,shade,high,pseudohypo,9,lambda,1.2223399726521744,1.177361436264872,1.2742795756530483
LA2933,shade,high,pseudohypo,9,gcl,16.45709869023838,16.08735129672971,16.836999850981393
LA2933,shade,high,pseudohypo,9,fgmax,0.16473365575698337,0.1422760896227381,0.18874424758172562
LA2933,sun,low,amphi,10,tau,112.05937159856937,102.07618035462488,123.57234798905148
LA2933,sun,low,amphi,10,lambda,1.2291880607705294,1.1832169951547704,1.2820383664414845
LA2933,sun,low,amphi,10,gcl,19.586465077469324,19.14539247945675,20.033568894203096
LA2933,sun,low,amphi,10,fgmax,0.049387945433797424,0.042106814426044636,0.05760728117972552
LA2933,sun,high,amphi,10,tau,154.92053599750977,141.46952057700446,170.59908561201726
LA2933,sun,high,amphi,10,lambda,1.3587088726750047,1.3073856857269535,1.4175739106405985
LA2933,sun,high,amphi,10,gcl,19.586465077469324,19.14539247945675,20.033568894203096
LA2933,sun,high,amphi,10,fgmax,0.1079688410333341,0.09289687842767808,0.12469910465176426
LA2933,sun,low,pseudohypo,10,tau,113.58026201704635,103.50598779630793,125.15694260358623
LA2933,sun,low,pseudohypo,10,lambda,1.2045663621455334,1.1596318955741722,1.258002554684991
LA2933,sun,low,pseudohypo,10,gcl,18.441423771802064,18.02722737066871,18.867718239334984
LA2933,sun,low,pseudohypo,10,fgmax,0.0602869516600585,0.0513811943400314,0.07004911295157105
LA2933,sun,high,pseudohypo,10,tau,156.91837829362652,143.09571917896253,172.7623660429066
LA2933,sun,high,pseudohypo,10,lambda,1.3310133238502233,1.2814909299627562,1.3898700209517936
LA2933,sun,high,pseudohypo,10,gcl,18.441423771802064,18.02722737066871,18.867718239334984
LA2933,sun,high,pseudohypo,10,fgmax,0.12996283993670327,0.11190203373990566,0.1496589762737324
LA2951,sun,low,amphi,9,tau,188.27048632312997,170.40045759703384,209.1038318139519
LA2951,sun,low,amphi,9,lambda,1.2415018653852217,1.1910912081378602,1.2922585719607178
LA2951,sun,low,amphi,9,gcl,24.100526070263342,23.44940306223372,24.726011324269866
LA2951,sun,low,amphi,9,fgmax,0.07927008070952482,0.06747885033224034,0.09311555898776663
LA2951,sun,high,amphi,10,tau,260.07347707648177,235.51611987444142,288.4269972774288
LA2951,sun,high,amphi,10,lambda,1.3721962624924107,1.3168927468970546,1.4282115455056905
LA2951,sun,high,amphi,10,gcl,24.100526070263342,23.44940306223372,24.726011324269866
LA2951,sun,high,amphi,10,fgmax,0.16691368690968034,0.14416341958937756,0.19276590212096742
LA2951,sun,low,pseudohypo,9,tau,190.5305093990913,172.90629365077606,211.6293912293286
LA2951,sun,low,pseudohypo,9,lambda,1.2160770448828977,1.1658243856422557,1.2668169725798477
LA2951,sun,low,pseudohypo,9,gcl,22.70292166694151,22.09880328873926,23.299928981786174
LA2951,sun,low,pseudohypo,9,fgmax,0.09586760541466437,0.08190518227410751,0.11229660096445913
LA2951,sun,high,pseudohypo,10,tau,263.5405709260343,239.1034553209284,292.43889441694904
LA2951,sun,high,pseudohypo,10,lambda,1.3447376213328306,1.289317352767342,1.4005561160061468
LA2951,sun,high,pseudohypo,10,gcl,22.70292166694151,22.09880328873926,23.299928981786174
LA2951,sun,high,pseudohypo,10,fgmax,0.1982340013733233,0.17170210952866596,0.2271041207970264
LA2951,shade,low,amphi,9,tau,187.90161652749842,170.10156210012474,208.98970711282354
LA2951,shade,low,amphi,9,lambda,1.1400717966114866,1.0936568068196073,1.1877758500205509
LA2951,shade,low,amphi,9,gcl,21.51077383015405,20.927449683400997,22.07048713455624
LA2951,shade,low,amphi,9,fgmax,0.10211029932880177,0.08700855916288845,0.11902721925026775
LA2951,shade,high,amphi,6,tau,259.6377948386142,235.2361372658591,288.7095889647835
LA2951,shade,high,amphi,6,lambda,1.259878422623385,1.207727421412684,1.3124343521736896
LA2951,shade,high,amphi,6,gcl,21.51077383015405,20.927449683400997,22.07048713455624
LA2951,shade,high,amphi,6,fgmax,0.20924752545968028,0.18181664658333,0.23944619242746187
LA2951,shade,low,pseudohypo,9,tau,190.23149180078428,172.45232650876216,212.03079566140474
LA2951,shade,low,pseudohypo,9,lambda,1.1169623350357338,1.071403246589414,1.1647045056314318
LA2951,shade,low,pseudohypo,9,gcl,20.25336817801899,19.71946495239671,20.774446821228757
LA2951,shade,low,pseudohypo,9,fgmax,0.12297756413297074,0.10541222695263318,0.142583882830352
LA2951,shade,high,pseudohypo,6,tau,263.1530347647897,238.53539079955564,292.3030334696065
LA2951,shade,high,pseudohypo,6,lambda,1.2343561610527989,1.1842405403003196,1.286729630255515
LA2951,shade,high,pseudohypo,6,gcl,20.25336817801899,19.71946495239671,20.774446821228757
LA2951,shade,high,pseudohypo,6,fgmax,0.24616674106976372,0.21539064895658724,0.2792880335738559
LA2964,shade,low,amphi,10,tau,169.90179853042758,153.1150635361688,189.00747529818307
LA2964,shade,low,amphi,10,lambda,1.2211962283223556,1.1730551145480448,1.2713514344610903
LA2964,shade,low,amphi,10,gcl,18.92479386390018,18.527571260544974,19.328523884955423
LA2964,shade,low,amphi,10,fgmax,0.07418499603821677,0.06353380291214751,0.08652740971065737
LA2964,shade,high,amphi,10,tau,234.73963559404524,211.33472647039454,260.9829391158103
LA2964,shade,high,amphi,10,lambda,1.3497586697476984,1.295365616160603,1.4062620221108775
LA2964,shade,high,amphi,10,gcl,18.92479386390018,18.527571260544974,19.328523884955423
LA2964,shade,high,amphi,10,fgmax,0.15714376575921246,0.13672263354533845,0.1807938198166729
LA2964,shade,low,pseudohypo,10,tau,172.2865983701208,154.94368460014132,191.2783543446003
LA2964,shade,low,pseudohypo,10,lambda,1.1964550077274858,1.1494113590026165,1.245696992024388
LA2964,shade,low,pseudohypo,10,gcl,17.82135150146732,17.446211095940132,18.201115257409867
LA2964,shade,low,pseudohypo,10,fgmax,0.09001940503334527,0.07722097890897177,0.10477298127557035
LA2964,shade,high,pseudohypo,10,tau,238.2518092660402,213.89484399312784,264.46018716645744
LA2964,shade,high,pseudohypo,10,lambda,1.3220674232689449,1.269328837515323,1.3768273589309417
LA2964,shade,high,pseudohypo,10,gcl,17.82135150146732,17.446211095940132,18.201115257409867
LA2964,shade,high,pseudohypo,10,fgmax,0.1871182386027274,0.16326788708930884,0.21453664802994857
LA2964,sun,low,amphi,10,tau,170.11366327963358,153.38124010057206,188.48235367603237
LA2964,sun,low,amphi,10,lambda,1.330264659156958,1.2763133268184548,1.3857505515805497
LA2964,sun,low,amphi,10,gcl,21.212005544289703,20.75767638970119,21.661456989995223
LA2964,sun,low,amphi,10,fgmax,0.05720309963634911,0.048632164158676085,0.06682763233102172
LA2964,sun,high,amphi,10,tau,235.24836981867657,212.27006058525615,261.1110954073661
LA2964,sun,high,amphi,10,lambda,1.470495202569814,1.4099337184535166,1.5316354624006245
LA2964,sun,high,amphi,10,gcl,21.212005544289703,20.75767638970119,21.661456989995223
LA2964,sun,high,amphi,10,fgmax,0.12375905836145525,0.10669811562707211,0.1428760239900629
LA2964,sun,low,pseudohypo,10,tau,172.37229207749442,155.1141022993197,190.88418007620533
LA2964,sun,low,pseudohypo,10,lambda,1.302956770073269,1.2505936087375666,1.3574085142882486
LA2964,sun,low,pseudohypo,10,gcl,19.973135038248348,19.542963104400794,20.399342439034466
LA2964,sun,low,pseudohypo,10,fgmax,0.06963364924175816,0.059327711198750584,0.08116415394321917
LA2964,sun,high,pseudohypo,10,tau,238.39991819098918,215.08193596097655,264.4929867707394
LA2964,sun,high,pseudohypo,10,lambda,1.4404033679099721,1.3812235652414395,1.5004945521550908
LA2964,sun,high,pseudohypo,10,gcl,19.973135038248348,19.542963104400794,20.399342439034466
LA2964,sun,high,pseudohypo,10,fgmax,0.14847292323490718,0.1283067350651557,0.1705452864508102
LA3124,shade,low,amphi,10,tau,117.04946637036002,106.44361514697694,128.1385988743481
LA3124,shade,low,amphi,10,lambda,1.1033469691333406,1.0650252290868703,1.1469258453281932
LA3124,shade,low,amphi,10,gcl,17.41314129492712,17.013532323406228,17.815455923032978
LA3124,shade,low,amphi,10,fgmax,0.06324835457812455,0.05403782827363993,0.07422548791558575
LA3124,shade,high,amphi,10,tau,161.90213352148916,146.98216507708042,177.22460896215625
LA3124,shade,high,amphi,10,lambda,1.2198652556263032,1.1771241532349381,1.2683537701908956
LA3124,shade,high,amphi,10,gcl,17.41314129492712,17.013532323406228,17.815455923032978
LA3124,shade,high,amphi,10,fgmax,0.13590126963465057,0.11758259950553451,0.15777395062697888
LA3124,shade,low,pseudohypo,10,tau,118.59996151605539,107.80047695652314,130.00836619340566
LA3124,shade,low,pseudohypo,10,lambda,1.0809139616539523,1.0427138611426143,1.1233573745184706
LA3124,shade,low,pseudohypo,10,gcl,16.40009219564464,16.027435494983408,16.773421665309428
LA3124,shade,low,pseudohypo,10,fgmax,0.07679735569680099,0.06609952624295246,0.0896530591791717
LA3124,shade,high,pseudohypo,10,tau,164.0253705537659,148.82781726099552,179.5808171370602
LA3124,shade,high,pseudohypo,10,lambda,1.194915387774558,1.1536164564209714,1.2423870815829998
LA3124,shade,high,pseudohypo,10,gcl,16.40009219564464,16.027435494983408,16.773421665309428
LA3124,shade,high,pseudohypo,10,fgmax,0.16245858023419127,0.14139880625843754,0.18700816633814019
LA3124,sun,low,amphi,8,tau,117.12725963914524,106.24898988701165,128.35274118561887
LA3124,sun,low,amphi,8,lambda,1.2017680552913297,1.1597242323738894,1.2502206342455147
LA3124,sun,low,amphi,8,gcl,19.51549651411646,19.080713747636075,19.96768322223311
LA3124,sun,low,amphi,8,fgmax,0.04858627880846008,0.041204812727810076,0.05705731350896795
LA3124,sun,high,amphi,8,tau,162.0737669481593,147.33811426731108,177.62827795034164
LA3124,sun,high,amphi,8,lambda,1.328326180401891,1.2821290344249907,1.3826434178372826
LA3124,sun,high,amphi,8,gcl,19.51549651411646,19.080713747636075,19.96768322223311
LA3124,sun,high,amphi,8,fgmax,0.10634462077813266,0.09136593292958829,0.12343424851002666
LA3124,sun,low,pseudohypo,8,tau,118.71572924147915,107.70046630499853,129.9646256894007
LA3124,sun,low,pseudohypo,8,lambda,1.1776727949221666,1.1368033014787966,1.2247260377034919
LA3124,sun,low,pseudohypo,8,gcl,18.37566648070689,17.954612945807664,18.80175896208872
LA3124,sun,low,pseudohypo,8,fgmax,0.0592559036370768,0.050497175581385084,0.06939296908307335
LA3124,sun,high,pseudohypo,8,tau,164.1741933519643,149.2187808543478,179.57162890401136
LA3124,sun,high,pseudohypo,8,lambda,1.3018563167986332,1.2564688769988777,1.3544650406905863
LA3124,sun,high,pseudohypo,8,gcl,18.37566648070689,17.954612945807664,18.80175896208872
LA3124,sun,high,pseudohypo,8,fgmax,0.12800078002925652,0.11032560083182867,0.1479846046748937
LA3778,shade,low,amphi,10,tau,161.92516268961933,145.51007262471583,181.02002902733534
LA3778,shade,low,amphi,10,lambda,1.1240217503355496,1.0787587784942738,1.1707649507343576
LA3778,shade,low,amphi,10,gcl,17.684593670439323,17.24628905089872,18.157364925077104
LA3778,shade,low,amphi,10,fgmax,0.07050977708151812,0.059850904988061907,0.0829525361984294
LA3778,shade,high,amphi,9,tau,224.00267963443707,200.91405473393425,249.49437016303696
LA3778,shade,high,amphi,9,lambda,1.2426907485025416,1.1915000655312864,1.2957468565013024
LA3778,shade,high,amphi,9,gcl,17.684593670439323,17.24628905089872,18.157364925077104
LA3778,shade,high,amphi,9,fgmax,0.1500754413078501,0.12904100862217463,0.17416303118141446
LA3778,shade,low,pseudohypo,10,tau,164.08467207756917,147.38267483566216,182.95309558000415
LA3778,shade,low,pseudohypo,10,lambda,1.1015218027602824,1.0561639984770612,1.1477148711598255
LA3778,shade,low,pseudohypo,10,gcl,16.654826528325223,16.232043389881905,17.090574083250026
LA3778,shade,low,pseudohypo,10,fgmax,0.08551765642008731,0.07296946304965937,0.1002802433222698
LA3778,shade,high,pseudohypo,9,tau,227.0267119964177,203.64781807577225,252.57690156775135
LA3778,shade,high,pseudohypo,9,lambda,1.2175485325761448,1.1670124501388532,1.2680879501057303
LA3778,shade,high,pseudohypo,9,gcl,16.654826528325223,16.232043389881905,17.090574083250026
LA3778,shade,high,pseudohypo,9,fgmax,0.17870289037246828,0.15423264350948956,0.20630874125706689
LA3778,sun,low,amphi,8,tau,162.21947124034185,145.68930061521047,181.29280111218876
LA3778,sun,low,amphi,8,lambda,1.2241554577264713,1.1739384672258601,1.2754250474171571
LA3778,sun,low,amphi,8,gcl,19.81624011812804,19.321834472606845,20.35778390697947
LA3778,sun,low,amphi,8,fgmax,0.05425809557745506,0.04585230196530349,0.06455432427720308
LA3778,sun,high,amphi,9,tau,224.41658736466428,201.34700444797528,250.59566783816246
LA3778,sun,high,amphi,9,lambda,1.3531001136854686,1.296862726077548,1.4095408399561675
LA3778,sun,high,amphi,9,gcl,19.81624011812804,19.321834472606845,20.35778390697947
LA3778,sun,high,amphi,9,fgmax,0.11788714992040808,0.10078853128339609,0.13876362200274292
LA3778,sun,low,pseudohypo,8,tau,164.55061165995951,147.3654258241789,183.48651577213406
LA3778,sun,low,pseudohypo,8,lambda,1.1996059072270375,1.149916283251556,1.2503344897044883
LA3778,sun,low,pseudohypo,8,gcl,18.660785504209446,18.17890640863759,19.155411798566373
LA3778,sun,low,pseudohypo,8,fgmax,0.06606850774240883,0.05587234173669009,0.07854694532600412
LA3778,sun,high,pseudohypo,9,tau,227.38751535895184,204.24802042774388,253.67628443283277
LA3778,sun,high,pseudohypo,9,lambda,1.3254663872709582,1.271142711979157,1.3815550828688115
LA3778,sun,high,pseudohypo,9,gcl,18.660785504209446,18.17890640863759,19.155411798566373
LA3778,sun,high,pseudohypo,9,fgmax,0.1415009771825016,0.12126651025315974,0.16563594323429473
LA4116,shade,high,amphi,8,tau,205.32618695912646,183.66137571894282,230.57369212486384
LA4116,shade,high,amphi,8,lambda,1.2590556299084215,1.2027970879419907,1.3178512750697544
LA4116,shade,high,amphi,8,gcl,20.864627370211487,20.27846181936319,21.46546841033704
LA4116,shade,high,amphi,8,fgmax,0.19723111580381403,0.16847063406432866,0.23003946780332113
LA4116,shade,high,pseudohypo,7,tau,208.27294948075127,186.10777303276083,233.94847749698027
LA4116,shade,high,pseudohypo,7,lambda,1.2327879370906312,1.1779401557141462,1.2910815219312146
LA4116,shade,high,pseudohypo,7,gcl,19.647745698274658,19.10330365927882,20.211725190831874
LA4116,shade,high,pseudohypo,7,fgmax,0.2322710049716688,0.20050589974542746,0.26973249210651373
LA4116,shade,low,amphi,8,tau,148.33725291086392,132.76332242952515,167.31655559258522
LA4116,shade,low,amphi,8,lambda,1.1387439032478168,1.088415472833317,1.1915439219911272
LA4116,shade,low,amphi,8,gcl,20.864627370211487,20.27846181936319,21.46546841033704
LA4116,shade,low,amphi,8,fgmax,0.09536764807629954,0.07997323256759005,0.11348969814045363
LA4116,shade,low,pseudohypo,8,tau,150.38647500595263,134.3720282129699,169.4559094858525
LA4116,shade,low,pseudohypo,8,lambda,1.1155164428167645,1.0669383304071065,1.1681775011175612
LA4116,shade,low,pseudohypo,8,gcl,19.647745698274658,19.10330365927882,20.211725190831874
LA4116,shade,low,pseudohypo,8,fgmax,0.11497687373047887,0.09727900659860766,0.13605207802826225
LA4116,sun,low,amphi,7,tau,148.76418537707696,132.79046315187327,167.28543257623136
LA4116,sun,low,amphi,7,lambda,1.2404801347116525,1.185039722570821,1.2986110737415546
LA4116,sun,low,amphi,7,gcl,23.384809366775002,22.726735966011855,24.058179923793592
LA4116,sun,low,amphi,7,fgmax,0.07385693160841801,0.06211499762721031,0.08787421443218564
LA4116,sun,high,amphi,9,tau,205.73254788137544,183.677398456962,231.14354303725415
LA4116,sun,high,amphi,9,lambda,1.3709616806387759,1.308941558882948,1.4346534411722984
LA4116,sun,high,amphi,9,gcl,23.384809366775002,22.726735966011855,24.058179923793592
LA4116,sun,high,amphi,9,fgmax,0.1565425563545799,0.1336091669304839,0.1832473242570405
LA4116,sun,low,pseudohypo,7,tau,150.68431174098103,134.69686488944828,169.81101928808707
LA4116,sun,low,pseudohypo,7,lambda,1.2150497147061965,1.1611478132435866,1.2718998491736682
LA4116,sun,low,pseudohypo,7,gcl,22.020554100755813,21.406157560626976,22.644899232053536
LA4116,sun,low,pseudohypo,7,fgmax,0.08944193943847219,0.07550209452154277,0.10627126888342311
LA4116,sun,high,pseudohypo,8,tau,208.5041764661644,186.04525068723217,234.57063447437878
LA4116,sun,high,pseudohypo,8,lambda,1.343133737748745,1.2841184749677135,1.406837388393624
LA4116,sun,high,pseudohypo,8,gcl,22.020554100755813,21.406157560626976,22.644899232053536
LA4116,sun,high,pseudohypo,8,fgmax,0.18622185332808372,0.16002237648814152,0.21691402881143415
LA4117A,shade,low,amphi,9,tau,149.80176392112028,133.7131956620322,167.08071626531898
LA4117A,shade,low,amphi,9,lambda,1.1339910596116685,1.0840376517485386,1.1865648012246366
LA4117A,shade,low,amphi,9,gcl,19.035827495714628,18.560077856429807,19.54006319618189
LA4117A,shade,low,amphi,9,fgmax,0.0917692835540705,0.07723045962378386,0.10901552643726271
LA4117A,shade,low,pseudohypo,9,tau,151.71768486243388,135.51403261307382,169.23155689006612
LA4117A,shade,low,pseudohypo,9,lambda,1.110984745308324,1.0631059732512111,1.162817866183063
LA4117A,shade,low,pseudohypo,9,gcl,17.926252831249112,17.48590563209488,18.3973353326508
LA4117A,shade,low,pseudohypo,9,fgmax,0.11069803486480417,0.09326716427163252,0.13084771792725014
LA4117A,sun,low,amphi,7,tau,149.92379968643297,133.61901548627173,167.24063549752904
LA4117A,sun,low,amphi,7,lambda,1.2357976728552553,1.1809912803972313,1.2928619038878886
LA4117A,sun,low,amphi,7,gcl,21.330137323339123,20.808790010976367,21.897191433003062
LA4117A,sun,low,amphi,7,fgmax,0.07101237554899056,0.059626160527531356,0.08442752123901806
LA4117A,sun,high,amphi,9,tau,207.37862890325255,185.05424003958208,231.23100389226394
LA4117A,sun,high,amphi,9,lambda,1.365642086391496,1.3053464814325424,1.4272654575373118
LA4117A,sun,high,amphi,9,gcl,21.330137323339123,20.808790010976367,21.897191433003062
LA4117A,sun,high,amphi,9,fgmax,0.1511736137589281,0.12905763761229974,0.17679652929113274
LA4117A,sun,low,pseudohypo,7,tau,151.89405043300002,135.41316278861726,169.49140316266949
LA4117A,sun,low,pseudohypo,7,lambda,1.210282609991711,1.157615387236415,1.2655350156769674
LA4117A,sun,low,pseudohypo,7,gcl,20.087400606017717,19.59453484566335,20.613938267561004
LA4117A,sun,low,pseudohypo,7,fgmax,0.086049005786215,0.07251018159949729,0.10233942956561863
LA4117A,sun,high,pseudohypo,9,tau,210.10698508249072,187.40997334245182,234.11029449493526
LA4117A,sun,high,pseudohypo,9,lambda,1.338501581652221,1.280721759878754,1.3988435407078774
LA4117A,sun,high,pseudohypo,9,gcl,20.087400606017717,19.59453484566335,20.613938267561004
LA4117A,sun,high,pseudohypo,9,fgmax,0.17991975932208737,0.154239926100558,0.20958707821555528
LA4117A,shade,high,amphi,8,tau,207.30404299588315,184.71498472472163,230.86794324598782
LA4117A,shade,high,amphi,8,lambda,1.2536694703311986,1.1979991046950973,1.311008981518128
LA4117A,shade,high,amphi,8,gcl,19.035827495714628,18.560077856429807,19.54006319618189
LA4117A,shade,high,amphi,8,fgmax,0.1905001735709886,0.16317237818998823,0.22184226279515598
LA4117A,shade,high,pseudohypo,7,tau,209.94682142003703,187.0524483535701,233.78996444977133
LA4117A,shade,high,pseudohypo,7,lambda,1.2279965317181913,1.1742096581761232,1.2837851616304718
LA4117A,shade,high,pseudohypo,7,gcl,17.926252831249112,17.48590563209488,18.3973353326508
LA4117A,shade,high,pseudohypo,7,fgmax,0.22471637720648585,0.19360754285470502,0.2597768915416276
LA4126,sun,low,amphi,11,tau,174.1081580074814,157.5537254050738,192.20909303099742
LA4126,sun,low,amphi,11,lambda,1.2643262375179214,1.2166851553347804,1.3166047500935576
LA4126,sun,low,amphi,11,gcl,24.11412604673654,23.563892329921977,24.671870830922987
LA4126,sun,low,amphi,11,fgmax,0.07506932644570022,0.0642200993371716,0.08735966674647613
LA4126,sun,high,amphi,11,tau,240.84663854320934,218.0485952752836,265.83574809447515
LA4126,sun,high,amphi,11,lambda,1.3975760668419275,1.34515362835586,1.4544959320075552
LA4126,sun,high,amphi,11,gcl,24.11412604673654,23.563892329921977,24.671870830922987
LA4126,sun,high,amphi,11,fgmax,0.15892120510270216,0.13786090540718302,0.18218829938745815
LA4126,sun,low,pseudohypo,11,tau,176.41225841203158,159.50648759802266,194.67694470997998
LA4126,sun,low,pseudohypo,11,lambda,1.2390585914939973,1.1913679074236916,1.2900688896461565
LA4126,sun,low,pseudohypo,11,gcl,22.712080695409895,22.203571033901003,23.22334961001791
LA4126,sun,low,pseudohypo,11,fgmax,0.09086512861899487,0.07801924346144148,0.10552904439682237
LA4126,sun,high,pseudohypo,11,tau,243.99397306124612,220.6122200634617,269.34052006679076
LA4126,sun,high,pseudohypo,11,lambda,1.3692858431091972,1.3171911978785178,1.425246935714926
LA4126,sun,high,pseudohypo,11,gcl,22.712080695409895,22.203571033901003,23.22334961001791
LA4126,sun,high,pseudohypo,11,fgmax,0.18889749224750566,0.16481261807601955,0.21526630600860308
LA4126,shade,low,amphi,10,tau,174.05956749061164,157.5754828494453,191.70808115919897
LA4126,shade,low,amphi,10,lambda,1.1614734910777558,1.116332315942228,1.208347822574822
LA4126,shade,low,amphi,10,gcl,21.518801158635988,21.025441704788253,22.014667509245555
LA4126,shade,low,amphi,10,fgmax,0.09707287656557022,0.08289337873912286,0.11302133429897984
LA4126,shade,high,amphi,10,tau,240.64754259596438,217.25543571315265,264.80494716888074
LA4126,shade,high,amphi,10,lambda,1.28409746211715,1.2340991584135121,1.3349103479508548
LA4126,shade,high,amphi,10,gcl,21.518801158635988,21.025441704788253,22.014667509245555
LA4126,shade,high,amphi,10,fgmax,0.20027555837093386,0.17369699282761916,0.2285680043810619
LA4126,shade,low,pseudohypo,10,tau,176.3838119621228,159.25728547766073,194.42526089216
LA4126,shade,low,pseudohypo,10,lambda,1.1380786536582341,1.0939778910567395,1.183005130422585
LA4126,shade,low,pseudohypo,10,gcl,20.26664037465575,19.8114229363358,20.728875808945297
LA4126,shade,low,pseudohypo,10,fgmax,0.11708280642610612,0.10030833909564747,0.1351382274800355
LA4126,shade,high,pseudohypo,9,tau,243.98390854489676,220.16695888694488,269.119946329625
LA4126,shade,high,pseudohypo,9,lambda,1.2578900802582773,1.208312289153965,1.3074449733196771
LA4126,shade,high,pseudohypo,9,gcl,20.26664037465575,19.8114229363358,20.728875808945297
LA4126,shade,high,pseudohypo,9,fgmax,0.23579779004718074,0.20572030128182367,0.267320767154842
